番号,単語,訳,品詞,例文,訳文
1,being,存在; 生き物,名詞,Human beings are social animals.,人間は社会的な生き物である。(AI生成)
2,government,政府; 統治,名詞,The government announced a new tax policy.,政府は新しい税制を発表した。(AI生成)
3,found,を設立する,動詞,The university was founded in 1900.,その大学は1900年に設立された。(AI生成)
4,given,~を仮定[考慮]すれば,前置詞,"Given his age, he is remarkably active.",彼の年齢を考慮すれば、彼は驚くほど活動的だ。(AI生成)
5,state,を述べる; 表明する,動詞,Please state your name and address clearly.,名前と住所をはっきりと述べてください。(AI生成)
6,council,(地方)議会,名詞,The city council voted on the new development plan.,市議会は新しい開発計画について投票を行った。(AI生成)
7,available,入手できる; 利用できる,形容詞,Tickets are still available for the concert.,コンサートのチケットはまだ入手可能だ。(AI生成)
8,saw,のこぎり,名詞,He used a saw to cut the wood.,彼は木を切るためにのこぎりを使った。(AI生成)
9,minister,大臣; 聖職者,名詞,The Prime Minister will visit the UK next week.,首相は来週イギリスを訪問する予定だ。(AI生成)
10,means,手段, 方法,名詞,Public transport is a convenient means of travel.,公共交通機関は便利な移動手段だ。(AI生成)
11,therefore,それ故に, 従って,副詞,"I think, therefore I am.",我思う、故に我あり。(AI生成)
12,evidence,証拠; 証言,名詞,There is no scientific evidence to support this claim.,この主張を裏付ける科学的証拠はない。(AI生成)
13,range,範囲, 領域,名詞,The shop offers a wide range of products.,その店は幅広い品揃えを提供している。(AI生成)
14,thus,このように; 従って,副詞,He studied hard, and thus passed the exam.,彼は一生懸命勉強し、したがって試験に合格した。(AI生成)
15,individual,個々の; 個人の,形容詞,Each individual student has different needs.,個々の生徒には異なるニーズがある。(AI生成)
16,committee,委員会,名詞,The committee decided to postpone the meeting.,委員会は会議を延期することを決定した。(AI生成)
17,indeed,本当に; 実に; 実際は,副詞,It was indeed a remarkable achievement.,それは実に素晴らしい功績だった。(AI生成)
18,authority,権威; 権限; 権威者; 当局,名詞,She is an authority on marine biology.,彼女は海洋生物学の権威だ。(AI生成)
19,union,(労働)組合,名詞,The trade union demanded higher wages.,労働組合は賃上げを要求した。(AI生成)
20,increase,増える, 増加する; 高まる,動詞,The population of the city continues to increase.,その都市の人口は増加し続けている。(AI生成)
21,issue,問題; 争点,名詞,Environmental issues are a global concern.,環境問題は世界的な関心事だ。(AI生成)
22,lord,貴族; ~卿; (the Lord) 神,名詞,The House of Lords debated the bill.,貴族院はその法案について審議した。(AI生成)
23,various,さまざまな,形容詞,There are various reasons for his decision.,彼の決断にはさまざまな理由がある。(AI生成)
24,basis,基礎; 根拠,名詞,On a daily basis, I exercise for 30 minutes.,日常的に（毎日）、私は30分運動する。(AI生成)
25,despite,~にもかかわらず,前置詞,He went to work despite his illness.,彼は病気にもかかわらず仕事に行った。(AI生成)
26,structure,構造, 構成,名詞,We studied the structure of the human brain.,私たちは人間の脳の構造を学んだ。(AI生成)
27,capital,首都; 資本,名詞,London is the capital of the United Kingdom.,ロンドンはイギリスの首都だ。(AI生成)
28,per,~につき, ~ごとに,前置詞,The speed limit is 60 miles per hour.,制限速度は時速60マイルだ。(AI生成)
29,agreement,合意; 協定,名詞,They finally reached an agreement.,彼らはついに合意に達した。(AI生成)
30,analysis,分析, 分解,名詞,Further analysis of the data is required.,データのさらなる分析が必要だ。(AI生成)
31,population,人口,名詞,The world population is over 8 billion.,世界人口は80億を超えている。(AI生成)
32,legal,法律の; 合法的な,形容詞,You should seek legal advice.,あなたは法的助言を求めるべきだ。(AI生成)
33,theory,理論, 学説,名詞,Darwin's theory of evolution is famous.,ダーウィンの進化論は有名だ。(AI生成)
34,growth,増加, 成長,名詞,Economic growth has slowed down recently.,最近、経済成長は鈍化している。(AI生成)
35,relationship,関係, 関連,名詞,They have a strong working relationship.,彼らは強い信頼関係で仕事をしている。(AI生成)
36,property,財産; 特性,名詞,This building is private property.,この建物は私有財産だ。(AI生成)
37,throughout,~の至る所に,前置詞,The news spread throughout the country.,そのニュースは国中に広まった。(AI生成)
38,significant,重要な; 意義深い; 相当の,形容詞,This is a significant change in policy.,これは政策における重要な変更だ。(AI生成)
39,income,収入, 所得,名詞,He has a steady income from his job.,彼には仕事からの安定した収入がある。(AI生成)
40,contract,契約; 協定,名詞,She signed a three-year contract.,彼女は3年契約に署名した。(AI生成)
41,consider,を~と見なす; を熟考する,動詞,I consider him to be a good friend.,私は彼を良き友人だと思っている。(AI生成)
42,attempt,を試みる,動詞,He attempted to climb the mountain alone.,彼は単独でその山に登ろうと試みた。(AI生成)
43,specific,特定の; 明確な,形容詞,Can you be more specific about the problem?,その問題についてもっと具体的に言ってもらえますか？(AI生成)
44,leading,主要な; 第一級の,形容詞,She is a leading expert in her field.,彼女はその分野の第一人者（主要な専門家）だ。(AI生成)
45,potential,潜在力, 可能性,名詞,The new technology has great potential.,その新技術には大きな可能性がある。(AI生成)
46,access,接近; 進入路,名詞,Students have free access to the library.,学生は図書館を自由に利用できる（アクセス権がある）。(AI生成)
47,independent,独立した,形容詞,India became independent in 1947.,インドは1947年に独立した。(AI生成)
48,benefit,恩恵; 利益; 手当,名詞,Regular exercise has many health benefits.,定期的な運動には多くの健康的利益がある。(AI生成)
49,employment,職; 雇用,名詞,The factory provides employment for local people.,その工場は地元の人々に雇用を提供している。(AI生成)
50,influence,影響; 効果,名詞,His speech had a great influence on the audience.,彼のスピーチは聴衆に大きな影響を与えた。(AI生成)
51,concern,に関係する; を心配させる,動詞,The issue concerns the safety of the public.,その問題は公衆の安全に関係している。(AI生成)
52,application,申請; 適用,名詞,Please submit your application by Friday.,金曜日までに申請書を提出してください。(AI生成)
53,suppose,と思う; 推測する,動詞,I suppose he will come to the party.,彼はパーティーに来ると思う。(AI生成)
54,opportunity,機会; 好機,名詞,I had the opportunity to study abroad.,私は留学する機会を得た。(AI生成)
55,effective,効果的な; 有効な,形容詞,This medicine is effective against headaches.,この薬は頭痛に効果的だ。(AI生成)
56,region,地域; 地帯,名詞,This region is famous for its wine.,この地域はワインで有名だ。(AI生成)
57,election,選挙; 当選,名詞,The general election will be held next month.,総選挙は来月行われる。(AI生成)
58,parliament,議会; 会期,名詞,The British Parliament consists of two houses.,英国議会は二院制だ。(AI生成)
59,review,調査; 検討,名詞,We need to conduct a review of our procedures.,私たちは手順の再検討を行う必要がある。(AI生成)
60,species,(生物の)種,名詞,Many species of birds migrate in winter.,多くの種類の鳥が冬に渡りを行う。(AI生成)
61,supply,を供給する; 支給する,動詞,The reservoir supplies water to the whole city.,その貯水池は全市に水を供給している。(AI生成)
62,moving,感動的な,形容詞,It was a very moving speech.,それはとても感動的なスピーチだった。(AI生成)
63,considerable,かなりの; 相当の,形容詞,He spent a considerable amount of money.,彼はかなりの金額を使った。(AI生成)
64,physical,身体の; 物質的な,形容詞,Regular physical exercise is important for health.,定期的な身体運動は健康に重要だ。(AI生成)
65,complex,複雑な; 複合(体)の,形容詞,The problem is more complex than we thought.,その問題は私たちが考えていたより複雑だ。(AI生成)
66,responsibility,責任,名詞,It is your responsibility to lock the door.,ドアに鍵をかけるのはあなたの責任だ。(AI生成)
67,opposition,反対; 敵対,名詞,There was strong opposition to the new law.,新しい法律に対して強い反対があった。(AI生成)
68,division,分割; 分離,名詞,The division of labor is efficient.,分業は効率的だ。(AI生成)
69,surface,表面,名詞,The surface of the lake was calm.,湖の表面は穏やかだった。(AI生成)
70,equipment,設備; 備品,名詞,We need new equipment for the laboratory.,私たちは実験室用の新しい設備が必要だ。(AI生成)
71,exchange,交換; 交流,名詞,We had a frank exchange of views.,私たちは率直な意見交換をした。(AI生成)
72,otherwise,そうでなければ,副詞,You must hurry, otherwise you will miss the train.,急がなければ、さもないと電車に乗り遅れるよ。(AI生成)
73,essential,必要不可欠な,形容詞,Water is essential for life.,水は生命にとって不可欠だ。(AI生成)
74,function,機能,名詞,The main function of the heart is to pump blood.,心臓の主な機能は血液を送り出すことだ。(AI生成)
75,slightly,少し; わずかに,副詞,I feel slightly better today.,今日は少し気分が良い。(AI生成)
76,aid,援助; 手伝い,名詞,They sent financial aid to the refugees.,彼らは難民に財政援助を送った。(AI生成)
77,transport,輸送,名詞,Public transport is very reliable here.,ここでは公共交通機関がとても信頼できる。(AI生成)
78,civil,民間の; 一般市民の,形容詞,Civil rights are protected by the constitution.,市民権は憲法によって守られている。(AI生成)
79,hardly,ほとんど〜ない,副詞,I can hardly hear you.,あなたの声がほとんど聞こえません。(AI生成)
80,obvious,明白な,形容詞,It is obvious that he is lying.,彼が嘘をついているのは明白だ。(AI生成)
81,organisation,組織; 団体,名詞,She works for a non-profit organisation.,彼女は非営利団体で働いている。(AI生成)
82,principle,原則; 信条,名詞,He is a man of principle.,彼は信念の人だ。(AI生成)
83,stock,在庫品; 株式,名詞,We have this item in stock.,この商品は在庫がございます。(AI生成)
84,district,地方; 地域,名詞,This represents the business district of the city.,これは市の商業地区を表している。(AI生成)
85,executive,重役; 幹部,名詞,The executives met to discuss the strategy.,幹部たちは戦略を話し合うために会合を開いた。(AI生成)
86,neither,~でも...でもない,副詞,Neither of them came to the meeting.,彼らのどちらも会議に来なかった。(AI生成)
87,duty,義務; 関税,名詞,It is my duty to help you.,あなたを助けるのが私の義務です。(AI生成)
88,presence,存在,名詞,Her presence made everyone nervous.,彼女の存在が皆を緊張させた。(AI生成)
89,avoid,を避ける,動詞,You should avoid eating too much sugar.,砂糖の摂りすぎは避けるべきだ。(AI生成)
90,relatively,比較的; 相対的に,副詞,The test was relatively easy.,そのテストは比較的簡単だった。(AI生成)
91,failure,失敗,名詞,His attempt ended in failure.,彼の試みは失敗に終わった。(AI生成)
92,marriage,結婚,名詞,They have a happy marriage.,彼らは幸せな結婚生活を送っている。(AI生成)
93,due,(日時に)予定された,形容詞,The assignment is due tomorrow.,課題は明日が期限だ。(AI生成)
94,latter,(the~) 後者,名詞,I prefer the latter option.,私は後者の選択肢の方が良い。(AI生成)
95,huge,巨大な,形容詞,A huge crowd gathered in the park.,巨大な群衆が公園に集まった。(AI生成)
96,apparently,見たところでは; どうやら,副詞,Apparently, it's going to rain today.,どうやら今日は雨が降るようだ。(AI生成)
97,career,職業; 経歴,名詞,She wants to pursue a career in medicine.,彼女は医療の道（キャリア）に進みたいと思っている。(AI生成)
98,grant,を聞き入れる; を授与する,動詞,The university granted him a scholarship.,大学は彼に奨学金を授与した。(AI生成)
99,applied,応用の,形容詞,Applied mathematics is useful in engineering.,応用数学は工学において有用だ。(AI生成)
100,finance,財政; 金融,名詞,He is an expert in international finance.,彼は国際金融の専門家だ。(AI生成)
101,merely,単に; ただの,副詞,It was merely a joke.,それは単なる冗談だった。(AI生成)
102,impact,影響, 効果,名詞,The internet has had a huge impact on society.,インターネットは社会に巨大な影響を与えた。(AI生成)
103,setting,状況, 背景,名詞,The novel is set in a rural setting.,その小説は田舎の環境を舞台（背景）にしている。(AI生成)
104,politics,政治,名詞,He is interested in international politics.,彼は国際政治に興味がある。(AI生成)
105,justice,正義, 公正,名詞,They demanded justice for the victim.,彼らは被害者のために正義を要求した。(AI生成)
106,credit,掛け売り; 信用,名詞,She bought the car on credit.,彼女はクレジット（掛け売り）で車を買った。(AI生成)
107,edge,縁, 端, 際,名詞,Don't stand so close to the edge of the cliff.,崖の縁にそんなに近づいて立ってはいけない。(AI生成)
108,advantage,利点; 優越,名詞,One advantage of living in the city is convenience.,都会に住む利点の一つは便利さだ。(AI生成)
109,reduce,を減らす, 縮小する,動詞,We need to reduce our expenses.,私たちは出費を減らす必要がある。(AI生成)
110,vote,投票する,動詞,Citizens over 18 have the right to vote.,18歳以上の市民には投票権がある。(AI生成)
111,possibly,もしかしたら,副詞,This is possibly the best movie I've ever seen.,これはもしかしたら私が今まで見た中で最高の映画かもしれない。(AI生成)
112,nevertheless,それにもかかわらず,副詞,It was raining; nevertheless, we went hiking.,雨が降っていたが、それにもかかわらず私たちはハイキングに行った。(AI生成)
113,insurance,保険,名詞,Do you have health insurance?,あなたは健康保険に入っていますか？(AI生成)
114,crime,罪, 犯罪,名詞,The crime rate has decreased this year.,今年は犯罪率が減少した。(AI生成)
115,transfer,移る, 移転する,動詞,He was transferred to the London office.,彼はロンドン支社に転勤になった。(AI生成)
116,measures,対策, 手段,名詞,The government took strict measures against the disease.,政府はその病気に対して厳しい対策を講じた。(AI生成)
117,address,に取り組む; に演説をする,動詞,We need to address this problem immediately.,私たちは直ちにこの問題に取り組む必要がある。(AI生成)
118,require,を必要とする; を要求する,動詞,This job requires a high level of concentration.,この仕事は高い集中力を必要とする。(AI生成)
119,domestic,国内の; 家庭(内)の,形容詞,The government focuses on domestic affairs.,政府は内政（国内問題）に焦点を当てている。(AI生成)
120,ordinary,通常の; 並の,形容詞,It was just an ordinary day.,それはごく普通の一日だった。(AI生成)
121,previously,前に, 以前に,副詞,She previously worked as a teacher.,彼女は以前、教師として働いていた。(AI生成)
122,solution,解決(法); 溶液,名詞,We are looking for a solution to the conflict.,私たちはその紛争の解決策を探している。(AI生成)
123,entirely,全く, 完全に,副詞,I entirely agree with you.,私はあなたに完全に同意します。(AI生成)
124,challenge,課題, 難題; やりがい,名詞,Climbing Mount Everest is a great challenge.,エベレスト登山は大きな挑戦（課題）だ。(AI生成)
125,achieve,を成し遂げる,動詞,He achieved his goal of becoming a doctor.,彼は医者になるという目標を成し遂げた。(AI生成)
126,extremely,極めて,副詞,It is extremely cold today.,今日は極めて寒い。(AI生成)
127,article,記事; 物品; 条項,名詞,I read an interesting article about AI.,私はAIに関する興味深い記事を読んだ。(AI生成)
128,fairly,相当; 公平に,副詞,The test was fairly difficult.,そのテストはかなり難しかった。(AI生成)
129,increasingly,ますます,副詞,It is becoming increasingly difficult to find a job.,仕事を見つけるのはますます難しくなっている。(AI生成)
130,initial,初期の,形容詞,My initial reaction was surprise.,私の最初の反応は驚きだった。(AI生成)
131,release,を解放する; を放つ,動詞,The band released a new album.,そのバンドは新しいアルバムをリリース（発表）した。(AI生成)
132,kingdom,王国; 王政,名詞,The United Kingdom consists of four countries.,連合王国（イギリス）は4つの国から成る。(AI生成)
133,existence,存在, 実在,名詞,Do you believe in the existence of ghosts?,あなたは幽霊の存在を信じますか？(AI生成)
134,equally,等しく; 平等に,副詞,They shared the profits equally.,彼らは利益を平等に分けた。(AI生成)
135,latest,最新の,形容詞,Have you heard the latest news?,最新のニュースを聞きましたか？(AI生成)
136,relief,安心; 軽減,名詞,It was a great relief to hear that he was safe.,彼が無事だと聞いてとても安心した。(AI生成)
137,detailed,詳細な,形容詞,Please give me a detailed report.,詳細な報告書を提出してください。(AI生成)
138,fund,基金, 資金,名詞,They set up a fund for the earthquake victims.,彼らは地震の被災者のために基金を設立した。(AI生成)
139,trial,試み; 裁判,名詞,The new drug is undergoing clinical trials.,その新薬は臨床試験中だ。(AI生成)
140,distribution,分配; 流通,名詞,The distribution of wealth is uneven.,富の分配は不均等だ。(AI生成)
141,factor,要因, 要素,名詞,Health is a key factor in happiness.,健康は幸福における重要な要因だ。(AI生成)
142,feature,特徴; 顔立ち,名詞,This car has many safety features.,この車には多くの安全機能（特徴）がある。(AI生成)
143,display,を展示する,動詞,The museum displays ancient artifacts.,その博物館は古代の工芸品を展示している。(AI生成)
144,aircraft,航空機,名詞,All aircraft were grounded due to the storm.,嵐のため全航空機が離陸禁止になった。(AI生成)
145,raise,を上げる; を育てる,動詞,Please raise your hand if you have a question.,質問がある場合は手を挙げてください。(AI生成)
146,article,記事; 物品,名詞,I read an interesting article about space.,私は宇宙に関する面白い記事を読んだ。(AI生成)
147,tend,傾向がある,動詞,Prices tend to rise during the holiday season.,休暇シーズン中は価格が上がる傾向がある。(AI生成)
148,mine,鉱山,名詞,His grandfather worked in a coal mine.,彼の祖父は炭鉱で働いていた。(AI生成)
149,search,捜す; 探る,動詞,I searched everywhere for my keys.,私は鍵をあちこち捜した。(AI生成)
150,track,の跡を追う; 通った跡,動詞,The hunters tracked the bear through the forest.,猟師たちは森の中で熊の跡を追った。(AI生成)
151,pointed,先のとがった; 辛辣な,形容詞,He made a pointed remark about her lateness.,彼は彼女の遅刻について辛辣な発言をした。(AI生成)
152,onto,~の上へ,前置詞,The cat jumped onto the table.,猫はテーブルの上に飛び乗った。(AI生成)
153,suitable,適した,形容詞,This film is not suitable for young children.,この映画は小さな子供には適していない。(AI生成)
154,client,依頼人; 顧客,名詞,The lawyer advised his client not to speak.,弁護士は依頼人に話さないよう助言した。(AI生成)
155,content,中身; 内容,名詞,The content of the letter was confidential.,その手紙の内容は機密だった。(AI生成)
156,immediate,即座の; すぐ隣の,形容詞,We need an immediate response to this crisis.,この危機に対して即座の対応が必要だ。(AI生成)
157,attitude,態度, 物腰,名詞,She has a positive attitude towards her work.,彼女は仕事に対して前向きな態度を持っている。(AI生成)
158,sufficient,十分な,形容詞,We have sufficient food for everyone.,全員分の十分な食料がある。(AI生成)
159,democratic,民主主義の,形容詞,It is a democratic country with free elections.,それは自由選挙のある民主主義国家だ。(AI生成)
160,conflict,争い, 闘争,名詞,The conflict between the two countries lasted for years.,両国間の争いは何年も続いた。(AI生成)
161,focus,焦点を絞る,動詞,Please focus your attention on the screen.,画面に注意を集中してください。(AI生成)
162,crisis,危機, 難局,名詞,The economic crisis affected the whole world.,経済危機は全世界に影響を与えた。(AI生成)
163,capacity,収容能力; 能力, 才能,名詞,The stadium has a seating capacity of 50,000.,そのスタジアムは5万人の収容能力がある。(AI生成)
164,recognition,認識; 評価; 見覚え,名詞,He received an award in recognition of his service.,彼はその功績を認められて（評価として）賞を受け取った。(AI生成)
165,absence,不在; 欠席,名詞,His absence was noticed by the teacher.,彼の不在は先生に気づかれた。(AI生成)
166,totally,全く, 完全に,副詞,I totally forgot about the meeting.,私は会議のことを完全に忘れていた。(AI生成)
167,absolutely,全く, 完全に,副詞,You are absolutely right.,君は全くもっともだ（正しい）。(AI生成)
168,critical,批判的な; 重大な,形容詞,The report was highly critical of the government.,その報告書は政府に対して非常に批判的だった。(AI生成)
169,necessarily,必ずしも(~ない),副詞,Expensive things are not necessarily better.,高価なものが必ずしも良いとは限らない。(AI生成)
170,elsewhere,他のところで,副詞,If you don't like it here, go elsewhere.,ここが気に入らないなら他へ行きなさい。(AI生成)
171,murder,殺人(事件),名詞,He was charged with attempted murder.,彼は殺人未遂で告発された。(AI生成)
172,prove,を証明する,動詞,Can you prove your theory?,あなたの理論を証明できますか？(AI生成)
173,threat,脅威; 脅迫,名詞,Pollution poses a threat to marine life.,汚染は海洋生物にとって脅威となる。(AI生成)
174,ideal,理想的な,形容詞,This house is ideal for a large family.,この家は大家族にとって理想的だ。(AI生成)
175,occur,起こる; 心に浮かぶ,動詞,The accident occurred at night.,その事故は夜に起きた。(AI生成)
176,properly,適切に,副詞,Please insure the machine is working properly.,機械が適切に動いているか確認してください。(AI生成)
177,element,要素, 成分,名詞,Honesty is a key element of his character.,正直さは彼の性格の重要な要素だ。(AI生成)
178,violence,暴力; 暴行,名詞,The film contains scenes of violence.,その映画は暴力シーンを含んでいる。(AI生成)
179,discuss,について議論する,動詞,We need to discuss the budget for next year.,来年の予算について議論する必要がある。(AI生成)
180,historical,歴史の,形容詞,There are many historical buildings in Kyoto.,京都には多くの歴史的建造物がある。(AI生成)
181,cell,細胞; 電池; 小個室,名詞,Red blood cells carry oxygen.,赤血球は酸素を運ぶ。(AI生成)
182,closely,綿密に; 詳細に; 厳重に,副詞,We are monitoring the situation closely.,私たちは状況を綿密に監視している。(AI生成)
183,reaction,反応; 反動,名詞,What was his reaction to the news?,そのニュースに対する彼の反応はどうでしたか？(AI生成)
184,drawing,線画, 素描,名詞,She is good at drawing and painting.,彼女は素描や絵画が得意だ。(AI生成)
185,maintain,を維持する; と主張する,動詞,It is difficult to maintain a healthy lifestyle.,健康的な生活様式を維持するのは難しい。(AI生成)
186,exhibition,展覧会, 展示,名詞,We visited the Picasso exhibition at the museum.,私たちは美術館のピカソ展を訪れた。(AI生成)
187,emphasis,強調, 重視,名詞,The school puts a lot of emphasis on sports.,その学校はスポーツを大いに重視している。(AI生成)
188,urban,都会の,形容詞,Urban population is increasing rapidly.,都市人口は急速に増加している。(AI生成)
189,seek,を得ようとする; を捜す,動詞,Many people seek happiness.,多くの人が幸福を求めている。(AI生成)
190,assembly,組み立て; 集会; 議会,名詞,Freedom of assembly is a basic human right.,集会の自由は基本的人権の一つだ。(AI生成)
191,desire,を強く望む,動詞,She desired a better life for her children.,彼女は子供たちのために（より）良い生活を強く望んだ。(AI生成)
192,estate,私有地, 地所,名詞,He lives on a large estate in the country.,彼は田舎の広い私有地に住んでいる。(AI生成)
193,serve,にかなう; に仕える; (食事)を出す,動詞,This room serves as a guest room.,この部屋は客室として役に立つ（機能する）。(AI生成)
194,contribution,寄付; 貢献,名詞,He made a significant contribution to the project.,彼はそのプロジェクトに多大な貢献をした。(AI生成)
195,code,暗号, 符号; 規範,名詞,The message was written in code.,そのメッセージは暗号で書かれていた。(AI生成)
196,brief,短い; つかの間の,形容詞,She gave a brief explanation of the plan.,彼女は計画について手短な説明をした。(AI生成)
197,apparent,明白な,形容詞,It became apparent that he was lying.,彼が嘘をついていることが明白になった。(AI生成)
198,establish,を確立する; を設立する,動詞,The company was established in 1950.,その会社は1950年に設立された。(AI生成)
199,literature,文学,名詞,He is studying English literature at university.,彼は大学で英文学を勉強している。(AI生成)
200,faith,信頼; 信念; 信仰,名詞,I have faith in your ability.,私はあなたの能力を信頼している。(AI生成)
201,sector,部門; 地域,名詞,The service sector is growing rapidly.,サービス部門は急速に成長している。(AI生成)
202,shot,発砲; シュート,名詞,He heard a gunshot in the distance.,彼は遠くで銃声を聞いた。(AI生成)
203,status,地位; 状態,名詞,They discussed the legal status of the immigrants.,彼らは移民の法的地位について議論した。(AI生成)
204,global,世界的な; 地球の,形容詞,Global warming is a serious problem.,地球温暖化は深刻な問題だ。(AI生成)
205,complaint,不平, 苦情,名詞,We received a complaint from a customer.,私たちは顧客から苦情を受け取った。(AI生成)
206,lead,鉛,名詞,Lead is a heavy metal.,鉛は重金属だ。(AI生成)
207,rough,粗い; おおよその,形容詞,The surface of the rock was rough.,その岩の表面はざらざらしていた。(AI生成)
208,strike,打つ; ストライキをする,動詞,The workers decided to strike for higher wages.,労働者たちは賃上げを求めてストライキをすることを決めた。(AI生成)
209,classic,最高級の; 古典的な,形容詞,This is a classic example of bad design.,これは悪いデザインの典型的な（古典的な）例だ。(AI生成)
210,vision,視力; 洞察力; 幻,名詞,She has excellent vision.,彼女は視力がとても良い。(AI生成)
211,master,主人; 名人,名詞,He is a master of disguise.,彼は変装の名人だ。(AI生成)
212,via,~経由で; ~によって,前置詞,We flew to London via Paris.,私たちはパリ経由でロンドンへ飛んだ。(AI生成)
213,largely,主として,副詞,His success was largely due to luck.,彼の成功は主として運によるものだった。(AI生成)
214,exhibit,を展示する; を示す,動詞,The gallery exhibits works by local artists.,その画廊は地元アーティストの作品を展示している。(AI生成)
215,border,国境; 境界,名詞,We crossed the border into France.,私たちは国境を越えてフランスに入った。(AI生成)
216,ancient,古代の; 古来の,形容詞,They visited the ancient ruins.,彼らは古代の遺跡を訪れた。(AI生成)
217,revolution,革命; 回転,名詞,The industrial revolution changed the world.,産業革命は世界を変えた。(AI生成)
218,engage,を従事させる; を引きつける,動詞,The topic engaged the students' interest.,そのトピックは生徒たちの興味を惹きつけた。(AI生成)
219,chemical,化学的な; 化学の,形容詞,Chemical reactions can be dangerous.,化学反応は危険な場合がある。(AI生成)
220,interaction,相互作用; 交流,名詞,Social interaction is important for mental health.,社会的交流は精神衛生にとって重要だ。(AI生成)
221,channel,海峡; チャンネル; 経路,名詞,We crossed the English Channel by ferry.,私たちはフェリーで英仏海峡を渡った。(AI生成)
222,severe,厳しい; 深刻な,形容詞,He suffered a severe injury.,彼は重傷（深刻な怪我）を負った。(AI生成)
223,taste,味; 好み,名詞,This soup has a salty taste.,このスープは塩辛い味がする。(AI生成)
224,acquire,を習得する; を手に入れる,動詞,He acquired fluency in English.,彼は英語の流暢さを習得した。(AI生成)
225,specialist,専門家,名詞,You should see a specialist.,あなたは専門家に診てもらうべきだ。(AI生成)
226,tear,涙,名詞,Tears ran down her cheeks.,涙が彼女の頬を伝って流れた。(AI生成)
227,proportion,割合; 比率,名詞,A large proportion of the budget is spent on food.,予算の大きな割合が食費に使われている。(AI生成)
228,proof,証拠; 証明,名詞,Do you have any proof of purchase?,購入の証拠（レシート等）はありますか？(AI生成)
229,confident,確信している; 自信がある,形容詞,I am confident that we will succeed.,私は私たちが成功すると確信している。(AI生成)
230,extensive,広範囲な; 大規模な,形容詞,The fire caused extensive damage.,その火事は広範囲な被害をもたらした。(AI生成)
231,genuine,本物の; 真の,形容詞,Is this leather genuine?,この革は本物ですか？(AI生成)
232,personality,個性, 人格,名詞,She has a cheerful personality.,彼女は陽気な性格をしている。(AI生成)
233,pollution,汚染,名詞,Air pollution is a major health risk.,大気汚染は主要な健康リスクだ。(AI生成)
234,dominate,を支配する,動詞,One company dominates the market.,一つの会社が市場を支配している。(AI生成)
235,arise,生じる; 発生する,動詞,Problems may arise during the process.,過程で問題が生じるかもしれない。(AI生成)
236,framework,枠組み; 骨組み,名詞,The agreement provides a framework for cooperation.,その合意は協力のための枠組みを提供している。(AI生成)
237,permission,許可,名詞,You need permission to enter this area.,この区域に入るには許可が必要だ。(AI生成)
238,settlement,解決; 入植地,名詞,They reached a peaceful settlement.,彼らは平和的な解決に至った。(AI生成)
239,wealth,富, 財産,名詞,Health is better than wealth.,健康は富に勝る。(AI生成)
240,competitive,競争の; 競争力のある,形容詞,The market is highly competitive.,その市場は非常に競争が激しい。(AI生成)
241,exposure,さらされること; 暴露,名詞,Prolonged exposure to the sun is harmful.,太陽への長時間の露出は有害だ。(AI生成)
242,steel,鋼鉄,名詞,The bridge is made of steel and concrete.,その橋は鋼鉄とコンクリートで作られている。(AI生成)
243,efficiency,能率, 効率,名詞,We need to improve the efficiency of the engine.,私たちはエンジンの効率を改善する必要がある。(AI生成)
244,peak,頂点; 山頂,名詞,Traffic reaches its peak at 8 a.m.,交通量は午前8時にピークに達する。(AI生成)
245,liquid,液体,名詞,Water is a liquid at room temperature.,水は室温では液体だ。(AI生成)
246,plot,陰謀; (小説などの)筋,名詞,The plot of the movie was complicated.,その映画の筋は複雑だった。(AI生成)
247,guilty,有罪の,形容詞,The jury found him guilty.,陪審員は彼を有罪と評決した。(AI生成)
248,calculate,を計算する,動詞,We need to calculate the cost.,私たちは費用を計算する必要がある。(AI生成)
249,silence,沈黙, 静寂,名詞,There was a long silence.,長い沈黙があった。(AI生成)
250,grand,壮大な,形容詞,The grand canyon is a spectacular sight.,グランドキャニオンは壮大な光景だ。(AI生成)
251,purchase,を購入する,動詞,He purchased a new car last week.,彼は先週新しい車を購入した。(AI生成)
252,advertising,広告,名詞,We need to increase our advertising budget.,私たちは広告予算を増やす必要がある。(AI生成)
253,inner,内部の; 奥の,形容詞,The inner circle of the group made the decision.,そのグループの内部サークルが決定を下した。(AI生成)
254,combination,結合, 連結,名詞,The combination of red and blue makes purple.,赤と青の結合（組み合わせ）は紫を作る。(AI生成)
255,afford,を持つ[する]余裕がある,動詞,I can't afford to buy a new house.,私には新しい家を買う余裕がない。(AI生成)
256,sum,金額; 合計,名詞,He owes me a large sum of money.,彼は私に多額のお金を借りている。(AI生成)
257,channel,チャンネル; 経路; 海峡,名詞,Change the television channel, please.,テレビのチャンネルを変えてください。(AI生成)
258,religion,宗教,名詞,Freedom of religion is a fundamental right.,信仰（宗教）の自由は基本的な権利だ。(AI生成)
259,temperature,温度; 気温,名詞,The temperature dropped to zero last night.,昨夜、気温はゼロ度まで下がった。(AI生成)
260,struggle,奮闘する,動詞,He struggled to finish the report on time.,彼はレポートを時間通りに終わらせようと奮闘した。(AI生成)
261,store,を蓄える,動詞,Squirrels store nuts for the winter.,リスは冬のために木の実を蓄える。(AI生成)
262,author,著者, 作者,名詞,Who is the author of this book?,この本の著者は誰ですか？(AI生成)
263,odd,変な, 奇妙な,形容詞,I found an odd shoe in the garden.,私は庭で奇妙な靴を見つけた。(AI生成)
264,assistance,援助, 助力,名詞,Thank you for your assistance.,ご助力ありがとうございます。(AI生成)
265,agent,代理人; 作因,名詞,He is a secret agent.,彼は秘密工作員（代理人）だ。(AI生成)
266,missing,欠けている; 行方不明の,形容詞,The child has been missing for three days.,その子供は3日間行方不明だ。(AI生成)
267,republic,共和国,名詞,France is a republic.,フランスは共和国だ。(AI生成)
268,tone,音色; 音質,名詞,She spoke in a low tone.,彼女は低いトーン（口調）で話した。(AI生成)
269,expert,達人; 専門家,名詞,He is an expert on computer security.,彼はコンピュータセキュリティの専門家だ。(AI生成)
270,moreover,その上, さらに,副詞,The rent is cheap, and moreover, the location is good.,家賃は安く、その上、立地も良い。(AI生成)
271,somehow,何とかして,副詞,We must finish this project somehow.,私たちは何とかしてこのプロジェクトを終わらせなければならない。(AI生成)
272,proposal,提案,名詞,The committee accepted his proposal.,委員会は彼の提案を受け入れた。(AI生成)
273,argue,と主張する; を論じる,動詞,He argued that the policy was wrong.,彼はその政策は間違っていると主張した。(AI生成)
274,vehicle,乗り物, 車; 伝達手段,名詞,Cars and buses are road vehicles.,車やバスは道路を走る乗り物だ。(AI生成)
275,involve,を含む; を巻き込む,動詞,The job involves a lot of travel.,その仕事は多くの移動を含む。(AI生成)
276,soil,土, 土壌,名詞,This soil is good for growing vegetables.,この土は野菜を育てるのに適している。(AI生成)
277,van,(車の)バン,名詞,They moved their furniture in a van.,彼らはバンで家具を運んだ。(AI生成)
278,conduct,を実施する; を伝導する,動詞,The university conducted a survey on student health.,大学は学生の健康に関する調査を実施した。(AI生成)
279,novel,小説,名詞,I am reading a mystery novel.,私はミステリー小説を読んでいる。(AI生成)
280,rarely,めったに〜ない,副詞,He rarely makes mistakes.,彼はめったに間違いをしない。(AI生成)
281,guilty,罪悪感のある; 有罪の,形容詞,He felt guilty about lying.,彼は嘘をついたことに罪悪感を感じた。(AI生成)
282,frank,率直な,形容詞,To be frank, I don't like your plan.,率直に言って、私はあなたの計画が好きではない。(AI生成)
283,indicate,を示す; の兆候である,動詞,The data indicates a slight improvement.,データはわずかな改善を示している。(AI生成)
284,command,を命令する,動詞,The general commanded the troops to attack.,将軍は軍隊に攻撃を命令した。(AI生成)
285,assume,と仮定する; を引き受ける,動詞,I assume that you are busy.,あなたは忙しいのだと（私は）仮定します。(AI生成)
286,enormous,巨大な, 並外れた,形容詞,They have an enormous amount of work.,彼らには膨大な量の仕事がある。(AI生成)
287,shift,移る; 変わる,動詞,The wind shifted to the north.,風向きが北に変わった。(AI生成)
288,agricultural,農業の,形容詞,The country's economy relies on agricultural products.,その国の経済は農産物（農業製品）に依存している。(AI生成)
289,operate,を動かす; 運転する,動詞,Do you know how to operate this machine?,あなたはこの機械の動かし方を知っていますか？(AI生成)
290,efficient,能率的な,形容詞,This new engine is very efficient.,この新しいエンジンは非常に効率的だ。(AI生成)
291,willing,(~するのを)いとわない,形容詞,I am willing to help you.,私は喜んで（いとわずに）あなたを助けます。(AI生成)
292,emergency,緊急(事態),名詞,Call the police in an emergency.,緊急の場合は警察に電話しなさい。(AI生成)
293,identity,身元; 個性,名詞,The police discovered the identity of the thief.,警察は泥棒の身元を突き止めた。(AI生成)
294,determine,を決定する; を正確に知る,動詞,Your attitude determines your success.,あなたの態度があなたの成功を決定する。(AI生成)
295,countryside,田舎, 地方,名詞,She loves the peace and quiet of the countryside.,彼女は田舎の平和と静けさを愛している。(AI生成)
296,household,世帯, 家庭,名詞,Most households have a television.,ほとんどの世帯がテレビを持っている。(AI生成)
297,split,を分裂させる; を裂く,動詞,We split the bill between us.,私たちは勘定を割り勘にした（裂いた）。(AI生成)
298,constitution,憲法; 体質; 構成,名詞,The constitution guarantees freedom of speech.,憲法は言論の自由を保障している。(AI生成)
299,concentration,集中, 専心,名詞,This task requires total concentration.,この作業は全神経の集中を必要とする。(AI生成)
300,agriculture,農業,名詞,Agriculture is the main industry in this region.,農業はこの地域の主要産業だ。(AI生成)
301,observation,観察,名詞,Observation is the first step of the scientific method.,観察は科学的方法の第一歩だ。(AI生成)
302,reject,を拒絶する,動詞,The committee rejected his proposal.,委員会は彼の提案を拒絶した。(AI生成)
303,surround,を囲む,動詞,The house is surrounded by trees.,その家は木々に囲まれている。(AI生成)
304,adventure,冒険,名詞,They went on an adventure in the jungle.,彼らはジャングルへ冒険に出かけた。(AI生成)
305,annual,毎年の; 年1回の,形容詞,The company holds an annual meeting in June.,その会社は6月に年次総会を開く。(AI生成)
306,block,塊; 街区; 障害物,名詞,He walked around the block.,彼はそのブロック（街区）を一周歩いた。(AI生成)
307,curve,曲線; カーブ,名詞,The road has a sharp curve.,その道路には急なカーブがある。(AI生成)
308,mental,精神の; 知能の,形容詞,Mental health is as important as physical health.,精神の健康は身体の健康と同じくらい重要だ。(AI生成)
309,witness,目撃者,名詞,Police are looking for witnesses to the accident.,警察は事故の目撃者を捜している。(AI生成)
310,experiment,実験,名詞,The scientists conducted an experiment.,科学者たちは実験を行った。(AI生成)
311,trend,傾向; 流行,名詞,There is a growing trend towards healthy eating.,健康的な食事への傾向が高まっている。(AI生成)
312,illness,病気,名詞,He missed work due to illness.,彼は病気のため仕事を休んだ。(AI生成)
313,locally,局地的に; 地元で,副詞,This vegetable is grown locally.,この野菜は地元で栽培されている。(AI生成)
314,disaster,災害; 大惨事,名詞,The earthquake was a terrible disaster.,その地震は恐ろしい災害だった。(AI生成)
315,imply,をほのめかす; を意味する,動詞,Are you implying that I am lazy?,私が怠け者だとほのめかしているのですか？(AI生成)
316,decide,を決定する; 決心する,動詞,We decided to stay home.,私たちは家にいることに決めた。(AI生成)
317,rural,田舎の,形容詞,He grew up in a rural area.,彼は田舎の地域で育った。(AI生成)
318,warning,警告,名詞,The government issued a tsunami warning.,政府は津波警報（警告）を出した。(AI生成)
319,wire,針金; 電線,名詞,The fence is made of barbed wire.,その柵は有刺鉄線で作られている。(AI生成)
320,zone,地帯; 区域,名詞,This is a no-parking zone.,ここは駐車禁止区域だ。(AI生成)
321,provide,を供給する; 提供する,動詞,The hotel provides free Wi-Fi.,そのホテルは無料Wi-Fiを提供している。(AI生成)
322,behave,振る舞う; 行儀よくする,動詞,The children behaved well at the party.,子供たちはパーティーで行儀よく振る舞った。(AI生成)
323,penny,ペニー(貨幣),名詞,I don't have a single penny.,私は一銭も持っていない。(AI生成)
324,regulation,規則; 規制,名詞,We must follow the safety regulations.,私たちは安全規則に従わなければならない。(AI生成)
325,total,合計; 総計,名詞,The total comes to $50.,合計は50ドルになる。(AI生成)
326,nervous,神経質な; 不安な,形容詞,I felt nervous before the exam.,私は試験の前に不安を感じた。(AI生成)
327,adapt,適応する; を適合させる,動詞,It is important to adapt to change.,変化に適応することは重要だ。(AI生成)
328,danger,危険; 脅威,名詞,The sign warned of danger.,標識は危険を警告していた。(AI生成)
329,fear,恐怖; 不安,名詞,He has a fear of heights.,彼は高所恐怖症（高さへの恐怖）がある。(AI生成)
330,output,生産高; 出力,名詞,Industrial output has increased.,工業生産高が増加した。(AI生成)
331,somewhat,いくぶん; 多少,副詞,I was somewhat surprised by the news.,私はそのニュースにいくぶん驚いた。(AI生成)
332,teaching,教えること; 教え,名詞,She devoted her life to teaching.,彼女は人生を教えることに捧げた。(AI生成)
333,emerge,現れる; 明らかになる,動詞,New problems emerged soon after.,その後すぐに新しい問題が現れた。(AI生成)
334,mass,塊; 一般大衆; 質量,名詞,A mass of dark clouds appeared.,黒い雲の塊が現れた。(AI生成)
335,origin,起源; 生まれ,名詞,The origin of the universe is a mystery.,宇宙の起源は謎だ。(AI生成)
336,sequence,連続; 順序,名詞,The numbers are in a sequence.,数字は順序通りに並んでいる。(AI生成)
337,snow,雪,名詞,Heavy snow caused traffic delays.,大雪が交通の遅れを引き起こした。(AI生成)
338,sky,空,名詞,The sky is blue today.,今日は空が青い。(AI生成)
339,pocket,ポケット,名詞,He put his hands in his pockets.,彼はポケットに手を入れた。(AI生成)
340,factory,工場,名詞,They built a new car factory.,彼らは新しい自動車工場を建設した。(AI生成)
341,notion,概念; 観念,名詞,I have no notion of what you mean.,あなたが何を言っているのか全く概念（見当）がつかない。(AI生成)
342,conservative,保守的な,形容詞,He has conservative views on politics.,彼は政治に関して保守的な考えを持っている。(AI生成)
343,bone,骨,名詞,The dog buried a bone in the garden.,犬は庭に骨を埋めた。(AI生成)
344,citizen,市民; 国民,名詞,She became a US citizen last year.,彼女は昨年アメリカ市民になった。(AI生成)
345,hill,丘; 小山,名詞,They climbed to the top of the hill.,彼らは丘の頂上まで登った。(AI生成)
346,left,左,名詞,Turn to the left at the corner.,角を左に曲がってください。(AI生成)
347,ocean,大洋, 海,名詞,The Pacific is the largest ocean.,太平洋は最大の海洋だ。(AI生成)
348,schedule,予定(表); 時刻表,名詞,According to the schedule, the bus leaves at 9.,予定表によるとバスは9時に出る。(AI生成)
349,virtual,事実上の; 仮想の,形容詞,The meeting will be held in a virtual environment.,会議は仮想環境で行われる。(AI生成)
350,weapon,武器, 兵器,名詞,Nuclear weapons are a threat to humanity.,核兵器は人類への脅威だ。(AI生成)
351,collection,収集; コレクション,名詞,He has a large collection of stamps.,彼は切手の大きなコレクションを持っている。(AI生成)
352,reform,改革; 改善,名詞,The government promised education reform.,政府は教育改革を約束した。(AI生成)
353,crowd,群衆; 人混み,名詞,A large crowd gathered to see the star.,そのスターを見るために大群衆が集まった。(AI生成)
354,internal,内部の; 国内の,形容詞,The company launched an internal investigation.,その会社は内部調査を開始した。(AI生成)
355,progress,進歩; 前進,名詞,Technological progress is rapid.,技術的進歩は急速だ。(AI生成)
356,except,を除いて,前置詞,Everyone went to the party except him.,彼以外は皆パーティーに行った。(AI生成)
357,mystery,謎; ミステリー,名詞,The cause of the fire remains a mystery.,火事の原因は謎のままだ。(AI生成)
358,prisoner,囚人; 捕虜,名詞,The prisoner escaped from jail.,その囚人は刑務所から脱走した。(AI生成)
359,reasonable,妥当な; 手頃な; 分別のある,形容詞,The price was reasonable.,価格は妥当（手頃）だった。(AI生成)
360,wood,木材; 森,名詞,This table is made of solid wood.,このテーブルは無垢材で作られている。(AI生成)
361,famous,有名な,形容詞,She is a famous singer.,彼女は有名な歌手だ。(AI生成)
362,capture,を捕らえる; を攻略する,動詞,The police captured the suspect.,警察は容疑者を捕らえた。(AI生成)
363,middle,真ん中, 中央,名詞,He stood in the middle of the room.,彼は部屋の真ん中に立った。(AI生成)
364,unknown,未知の; 無名の,形容詞,The author of the poem is unknown.,その詩の作者は不明だ。(AI生成)
365,branch,枝; 支店; 部門,名詞,The bank has a branch in Tokyo.,その銀行は東京に支店がある。(AI生成)
366,healthy,健康な; 健康的な,形容詞,Eating vegetables is a healthy habit.,野菜を食べることは健康的な習慣だ。(AI生成)
367,breath,息, 呼吸,名詞,Take a deep breath.,深呼吸をしなさい。(AI生成)
368,rapid,急速な, 速い,形容詞,The city has undergone rapid change.,その都市は急速な変化を遂げた。(AI生成)
369,mechanical,機械の,形容詞,The flight was delayed due to mechanical trouble.,機械のトラブルでフライトが遅れた。(AI生成)
370,rate,割合; 速度; 料金,名詞,The unemployment rate has fallen.,失業率は低下した。(AI生成)
371,sample,見本; 標本,名詞,Can I have a free sample?,無料サンプルをもらえますか？(AI生成)
372,sight,視力; 光景; 名所,名詞,The Grand Canyon is a magnificent sight.,グランドキャニオンは壮大な光景だ。(AI生成)
373,expect,を予期する; を期待する,動詞,We expect rain tomorrow.,明日は雨が降ると予期している。(AI生成)
374,bag,袋; かばん,名詞,Do you need a plastic bag?,レジ袋は必要ですか？(AI生成)
375,content,満足して,形容詞,He is content with his life.,彼は自分の人生に満足している。(AI生成)
376,rise,上がる; 増える,動詞,The sun rises in the east.,太陽は東から昇る。(AI生成)
377,brand,銘柄, ブランド,名詞,Which brand of coffee do you prefer?,どのブランドのコーヒーが好きですか？(AI生成)
378,crime,犯罪,名詞,Violent crime is on the rise.,凶悪犯罪が増加している。(AI生成)
379,bridge,橋,名詞,They built a bridge across the river.,彼らは川に橋を架けた。(AI生成)
380,document,文書; 書類,名詞,Please sign this document.,この書類に署名してください。(AI生成)
381,motion,動き; 動作; 提案,名詞,The train was in motion.,列車は動いていた。(AI生成)
382,encourage,を励ます; を奨励する,動詞,My parents encouraged me to study abroad.,両親は私に留学するよう励ましてくれた。(AI生成)
383,element,要素; 元素,名詞,Oxygen is a chemical element.,酸素は化学元素だ。(AI生成)
384,confirm,を確認する; を裏付ける,動詞,Please confirm your reservation.,予約を確認してください。(AI生成)
385,end,終わり; 目的,名詞,We worked until the end of the day.,私たちは一日の終わりまで働いた。(AI生成)
386,leader,指導者, リーダー,名詞,He is a natural leader.,彼は生まれついてのリーダーだ。(AI生成)
387,measure,を測る; を評価する,動詞,He measured the length of the room.,彼は部屋の長さを測った。(AI生成)
388,shoulder,肩,名詞,He carried the bag on his shoulder.,彼はバッグを肩に担いだ。(AI生成)
389,unit,単位; 一団,名詞,The meter is a unit of length.,メートルは長さの単位だ。(AI生成)
390,seek,を捜す; を求める,動詞,Seek and you shall find.,求めよ、さらば与えられん。(AI生成)
391,cultural,文化の,形容詞,Kyoto is the cultural center of Japan.,京都は日本の文化的な中心地だ。(AI生成)
392,candidate,候補者,名詞,There are three candidates for the job.,その仕事には3人の候補者がいる。(AI生成)
393,plastic,プラスチックの,形容詞,We are trying to reduce plastic waste.,私たちはプラスチックごみを減らそうとしている。(AI生成)
394,growth,成長; 発展,名詞,Plants need sunlight for growth.,植物の成長には日光が必要だ。(AI生成)
395,row,列; 並び,名詞,We sat in the front row.,私たちは最前列に座った。(AI生成)
396,island,島,名詞,Japan consists of many islands.,日本は多くの島々から成る。(AI生成)
397,transportation,輸送; 交通機関,名詞,Bicycles are a cheap form of transportation.,自転車は安価な輸送手段だ。(AI生成)
398,plant,植物; 工場,名詞,She watered the plants in the garden.,彼女は庭の植物に水をやった。(AI生成)
399,interview,面接; インタビュー,名詞,I have a job interview tomorrow.,明日は仕事の面接がある。(AI生成)
400,guest,客; ゲスト,名詞,We have guests coming for dinner.,夕食にお客さんが来る。(AI生成)
401,ease,たやすさ; 平易さ,名詞,He passed the exam with ease.,彼はその試験にたやすく合格した。(AI生成)
402,poverty,貧乏; 貧困,名詞,Many people in the world live in poverty.,世界の多くの人々が貧困の中で暮らしている。(AI生成)
403,characteristic,特徴; 特性,名詞,Kindness is one of her characteristics.,親切さは彼女の特徴の一つだ。(AI生成)
404,sake,ため; 目的; 理由,名詞,I did it for the sake of my family.,私は家族のためにそれをした。(AI生成)
405,cottage,小さな家,名詞,They spent the summer in a cottage by the lake.,彼らは湖畔の小さな家で夏を過ごした。(AI生成)
406,complicated,複雑な,形容詞,The instructions were too complicated to understand.,その説明書は理解するには複雑すぎた。(AI生成)
407,dominant,支配的な,形容詞,English is the dominant language in the business world.,英語はビジネス界で支配的な言語だ。(AI生成)
408,constantly,絶えず; 常に,副詞,Technology is constantly changing.,科学技術は絶えず変化している。(AI生成)
409,vary,異なる; さまざまである,動詞,Prices vary depending on the season.,価格は季節によって異なる。(AI生成)
410,depth,深さ; 奥行き,名詞,The divers measured the depth of the ocean.,ダイバーたちは海の深さを測った。(AI生成)
411,intellectual,知性の; 知的な,形容詞,He enjoys intellectual conversations.,彼は知的な会話を楽しむ。(AI生成)
412,loose,しっかり留まっていない; 緩い,形容詞,One of the screws is loose.,ねじの一つが緩んでいる。(AI生成)
413,bomb,爆弾,名詞,The police defused the bomb safely.,警察は爆弾を安全に信管除去した。(AI生成)
414,holy,神聖な,形容詞,Jerusalem is a holy city for three religions.,エルサレムは3つの宗教にとって聖なる都市だ。(AI生成)
415,anxious,心配して; 切望して,形容詞,She is anxious about her father's health.,彼女は父の健康を心配している。(AI生成)
416,guard,護衛者; 番人,名詞,The security guard checked our bags.,警備員が私たちのカバンを確認した。(AI生成)
417,impressive,印象的な,形容詞,Her presentation was very impressive.,彼女のプレゼンテーションはとても印象的だった。(AI生成)
418,exception,例外,名詞,There is an exception to every rule.,あらゆる規則には例外がある。(AI生成)
419,nervous,不安な; 神経質な,形容詞,I always feel nervous before a job interview.,私は就職面接の前はいつも不安になる。(AI生成)
420,fee,報酬; 謝礼,名詞,The lawyer charges a high fee.,その弁護士は高い報酬を請求する。(AI生成)
421,tendency,傾向; 風潮,名詞,There is a tendency for people to marry later.,晩婚化の傾向がある。(AI生成)
422,accurate,正確な; 的確な,形容詞,We need accurate information to make a decision.,決断を下すには正確な情報が必要だ。(AI生成)
423,harm,害; 危害,名詞,Smoking does a lot of harm to your health.,喫煙は健康に多大な害を及ぼす。(AI生成)
424,origin,起源; 源,名詞,The origin of this word is unknown.,この単語の起源は不明だ。(AI生成)
425,suspect,と思う; を怪しいと思う,動詞,I suspect that he is hiding something.,私は彼が何かを隠しているのではないかと疑っている。(AI生成)
426,bond,絆; 縁,名詞,There is a strong bond between the two brothers.,その兄弟の間には強い絆がある。(AI生成)
427,enthusiasm,熱狂; 熱心,名詞,He showed great enthusiasm for the project.,彼はそのプロジェクトに多大な熱意を示した。(AI生成)
428,spare,予備の,形容詞,Do you have a spare key?,予備の鍵を持っていますか？(AI生成)
429,extraordinary,異常な; 並外れた,形容詞,She has an extraordinary talent for music.,彼女は音楽の並外れた才能を持っている。(AI生成)
430,leisure,余暇,名詞,What do you do in your leisure time?,余暇には何をしますか？(AI生成)
431,visible,可視の; 目に見える,形容詞,The stars were visible despite the city lights.,街の明かりにもかかわらず星が見えた。(AI生成)
432,device,装置; 仕掛け,名詞,This device is used to measure temperature.,この装置は温度を測るために使われる。(AI生成)
433,pride,誇り; 自尊心; 自慢の種,名詞,He takes pride in his work.,彼は自分の仕事に誇りを持っている。(AI生成)
434,remote,遠い; 離れた,形容詞,They live in a remote village in the mountains.,彼らは山奥の離れた村に住んでいる。(AI生成)
435,confusion,混乱; 無秩序,名詞,The announcement caused a lot of confusion.,その発表は多くの混乱を引き起こした。(AI生成)
436,pitch,(音声の)高低; 調子,名詞,Dogs can hear sounds at a high pitch.,犬は高い音程の音を聞くことができる。(AI生成)
437,steady,安定した,形容詞,He has a steady job.,彼は安定した仕事に就いている。(AI生成)
438,stolen,盗まれた,形容詞,The police found the stolen car.,警察は盗難車を発見した。(AI生成)
439,column,円柱; 縦列; 欄,名詞,The building is supported by massive columns.,その建物は巨大な円柱で支えられている。(AI生成)
440,calm,冷静な; 穏やかな,形容詞,Please stay calm in an emergency.,緊急時は冷静でいてください。(AI生成)
441,climate,気候,名詞,The climate is changing rapidly.,気候は急速に変化している。(AI生成)
442,evil,邪悪な,形容詞,In the story, the hero defeats the evil wizard.,物語の中で、主人公は邪悪な魔法使いを倒す。(AI生成)
443,distant,遠い; 離れた,形容詞,She heard a distant sound of thunder.,彼女は遠くの雷の音を聞いた。(AI生成)
444,disaster,災害; 災難,名詞,The tsunami was a major disaster for the region.,その津波は地域にとって大災害だった。(AI生成)
445,satisfaction,満足; 喜び,名詞,He looked at his finished work with satisfaction.,彼は満足げに完成した自分の仕事を見た。(AI生成)
446,string,ひも; 糸,名詞,She tied the package with a piece of string.,彼女はひもで小包を結んだ。(AI生成)
447,gentle,優しい; 穏やかな,形容詞,He has a gentle voice.,彼は優しい声をしている。(AI生成)
448,childhood,幼児期; 子供時代,名詞,I had a happy childhood.,私は幸せな子供時代を過ごした。(AI生成)
449,delighted,非常に喜んで,形容詞,I am delighted to meet you.,お会いできてとても嬉しいです。(AI生成)
450,poetry,詩; 韻文,名詞,She loves reading romantic poetry.,彼女は恋愛詩を読むのが大好きだ。(AI生成)
451,layer,層,名詞,The cake has three layers.,そのケーキは3つの層になっている。(AI生成)
452,criminal,犯罪者; 犯罪の,名詞,The police are looking for a dangerous criminal.,警察は危険な犯罪者を捜している。(AI生成)
453,habit,習慣,名詞,Smoking is a bad habit.,喫煙は悪い習慣だ。(AI生成)
454,survive,生き残る,動詞,Only the fittest animals survive in the wild.,最も適応した動物だけが野生で生き残る。(AI生成)
455,flight,飛行; フライト,名詞,Our flight was cancelled due to bad weather.,悪天候のため私たちのフライトは欠航になった。(AI生成)
456,plain,明白な; 質素な; 平野,形容詞,It was plain that she was tired.,彼女が疲れているのは明白だった。(AI生成)
457,advise,に忠告する,動詞,I advise you to see a doctor.,医者に診てもらうことをお勧め（忠告）します。(AI生成)
458,scream,叫び声を上げる,動詞,She screamed when she saw the spider.,彼女はクモを見て叫び声を上げた。(AI生成)
459,intention,意図, つもり,名詞,I have no intention of changing my mind.,私には考えを変えるつもり（意図）はない。(AI生成)
460,silent,静かな; 沈黙した,形容詞,He remained silent during the meeting.,彼は会議中ずっと黙っていた。(AI生成)
461,passenger,乗客,名詞,All passengers must wear seatbelts.,すべての乗客はシートベルトを着用しなければならない。(AI生成)
462,unfair,不公平な,形容詞,It is unfair to blame him.,彼を責めるのは不公平だ。(AI生成)
463,angry,怒った,形容詞,She was angry with me for being late.,彼女は私が遅刻したことに怒っていた。(AI生成)
464,audience,聴衆; 観客,名詞,The audience clapped loudly.,聴衆は盛大に拍手した。(AI生成)
465,useful,役に立つ,形容詞,This book contains useful information.,この本は役に立つ情報を含んでいる。(AI生成)
466,village,村,名詞,He grew up in a small village.,彼は小さな村で育った。(AI生成)
467,comfortable,快適な,形容詞,The bed was very comfortable.,そのベッドはとても快適だった。(AI生成)
468,threaten,を脅す,動詞,He threatened to call the police.,彼は警察を呼ぶと脅した。(AI生成)
469,gain,を得る; 増す,動詞,She gained a lot of experience in her new job.,彼女は新しい仕事で多くの経験を得た。(AI生成)
470,strength,強さ; 力,名詞,He has great physical strength.,彼は凄まじい体力（身体的強さ）を持っている。(AI生成)
471,imagine,を想像する,動詞,Can you imagine life without electricity?,電気のない生活を想像できますか？(AI生成)
472,besides,その上; ~に加えて,副詞,It's too late to go out, and besides, it's raining.,出かけるには遅すぎるし、その上、雨も降っている。(AI生成)
473,nor,~もまた...ない,接続詞,He can neither read nor write.,彼は読み書きができない。(AI生成)
474,root,根; 起源,名詞,Money is the root of all evil.,金は諸悪の根源だ。(AI生成)
475,dry,乾いた,形容詞,Keep this medicine in a cool, dry place.,この薬は涼しく乾燥した場所に保管してください。(AI生成)
476,wish,と願う,動詞,I wish I could fly.,空を飛べたらいいのにと願う。(AI生成)
477,thick,厚い; 太い; 濃い,形容詞,The walls of the castle are very thick.,その城の壁は非常に厚い。(AI生成)
478,stretch,を伸ばす; 伸びる,動詞,She stretched her arms and yawned.,彼女は腕を伸ばしてあくびをした。(AI生成)
479,thin,薄い; 細い; 痩せた,形容詞,The ice is too thin to walk on.,氷は薄すぎて歩くことができない。(AI生成)
480,empty,空の,形容詞,The glass is empty.,グラスは空だ。(AI生成)
481,attack,を攻撃する,動詞,The army attacked at dawn.,軍隊は夜明けに攻撃した。(AI生成)
482,battle,戦い; 戦闘,名詞,Many soldiers died in the battle.,多くの兵士がその戦いで死んだ。(AI生成)
483,wage,賃金,名詞,The workers demanded a higher hourly wage.,労働者たちはより高い時給を要求した。(AI生成)
484,female,女性の; 雌の,形容詞,The female lion hunts for food.,雌ライオンは食料を求めて狩りをする。(AI生成)
485,male,男性の; 雄の,形容詞,The male bird has colorful feathers.,雄の鳥はカラフルな羽を持っている。(AI生成)
486,cousin,いとこ,名詞,My cousin lives in Australia.,私のいとこはオーストラリアに住んでいる。(AI生成)
487,wedding,結婚式,名詞,We are invited to their wedding.,私たちは彼らの結婚式に招待されている。(AI生成)
488,grain,穀物; 粒,名詞,Wheat is a major food grain.,小麦は主要な食用穀物だ。(AI生成)
489,hide,を隠す; 隠れる,動詞,He tried to hide the money under the bed.,彼はベッドの下にお金を隠そうとした。(AI生成)
490,adult,大人, 成人,名詞,Tickets are $20 for adults.,チケットは大人は20ドルだ。(AI生成)
491,metal,金属,名詞,Gold is a precious metal.,金は貴重な金属だ。(AI生成)
492,ride,に乗る,動詞,Can you ride a bicycle?,自転車に乗れますか？(AI生成)
493,blind,目の見えない,形容詞,He is blind in one eye.,彼は片目が見えない。(AI生成)
494,entrance,入り口; 入学,名詞,I'll meet you at the main entrance.,正面玄関（入り口）で会いましょう。(AI生成)
495,mix,を混ぜる,動詞,Mix the flour and sugar together.,小麦粉と砂糖を混ぜ合わせなさい。(AI生成)
496,neighbor,隣人; 近所の人,名詞,Our neighbors are very friendly.,私たちの隣人はとても友好的だ。(AI生成)
497,soft,柔らかい,形容詞,Her skin is very soft.,彼女の肌はとても柔らかい。(AI生成)
498,communication,伝達; コミュニケーション,名詞,Good communication is essential in business.,良いコミュニケーションはビジネスにおいて不可欠だ。(AI生成)
499,injury,怪我; 負傷,名詞,He recovered from his leg injury.,彼は足の怪我から回復した。(AI生成)
500,purpose,目的,名詞,What is the purpose of your visit?,あなたの訪問の目的は何ですか？(AI生成)
501,traffic,交通(量),名詞,Traffic is heavy this morning.,今朝は交通量が多い。(AI生成)
502,flat,平らな; パンクした; アパート,形容詞,The earth is not flat.,地球は平らではない。(AI生成)
503,appreciate,を正当に評価する; を感謝する,動詞,I appreciate your help.,あなたのご支援に感謝します。(AI生成)
504,cover,を覆う; (範囲)にわたる,動詞,Snow covered the ground.,雪が地面を覆った。(AI生成)
505,anyway,とにかく,副詞,It's raining, but I'm going anyway.,雨が降っているが、とにかく私は行く。(AI生成)
506,busy,忙しい; 賑やかな,形容詞,He is too busy to talk right now.,彼は今忙しすぎて話せない。(AI生成)
507,shoot,を撃つ; (映画)を撮影する,動詞,Don't shoot!,撃たないで！(AI生成)
508,screen,画面; スクリーン,名詞,He stared at the computer screen.,彼はコンピュータの画面を見つめた。(AI生成)
509,path,小道; 進路,名詞,We followed a narrow path through the woods.,私たちは森の中の細い小道をたどった。(AI生成)
510,engage,に従事する; を引きつける,動詞,They are engaged in a heated debate.,彼らは白熱した議論に従事している。(AI生成)
511,media,マスメディア,名詞,The media plays a big role in politics.,メディアは政治において大きな役割を果たしている。(AI生成)
512,concept,概念; 考え,名詞,The concept of zero was a great discovery.,「ゼロ」という概念は偉大な発見だった。(AI生成)
513,target,標的; 目標,名詞,They hit the target accurately.,彼らは標的を正確に射抜いた。(AI生成)
514,forest,森; 森林,名詞,Many animals live in the forest.,多くの動物がその森に住んでいる。(AI生成)
515,multiple,多数の; 複合的な,形容詞,He suffered multiple injuries.,彼は複数の怪我を負った。(AI生成)
516,settle,を解決する; 定住する,動詞,We need to settle this dispute.,私たちはこの論争を解決する必要がある。(AI生成)
517,breath,息, 呼吸,名詞,His breath smelled of alcohol.,彼の息はアルコールの臭いがした。(AI生成)
518,labor,労働,名詞,Manual labor can be exhausting.,肉体労働は骨が折れることがある。(AI生成)
519,annual,年1回の,形容詞,The annual festival is held in July.,その年1回のお祭りは7月に開催される。(AI生成)
520,option,選択肢,名詞,We have no other option.,私たちには他に選択肢がない。(AI生成)
521,prefer,の方を好む,動詞,I prefer tea to coffee.,私はコーヒーよりお茶の方が好きだ。(AI生成)
522,repeat,を繰り返す,動詞,Could you repeat that, please?,もう一度言っていただけますか？(AI生成)
523,narrow,狭い,形容詞,The road is too narrow for trucks.,その道はトラックには狭すぎる。(AI生成)
524,obvious,明らかな,形容詞,The answer is obvious.,答えは明らかだ。(AI生成)
525,mental,精神の,形容詞,She is suffering from mental fatigue.,彼女は精神的な疲労に苦しんでいる。(AI生成)
526,chain,鎖; 連鎖; チェーン店,名詞,The bicycle chain came off.,自転車のチェーンが外れた。(AI生成)
527,cast,を投じる; 配役を決める,動詞,He cast his vote for the reformist candidate.,彼は改革派の候補に票を投じた。(AI生成)
528,sample,見本; サンプル,名詞,We collected soil samples.,私たちは土壌サンプルを集めた。(AI生成)
529,internal,内部の,形容詞,The internal structure of the building is complex.,その建物の内部構造は複雑だ。(AI生成)
530,safety,安全(性),名詞,Safety comes first.,安全が第一だ。(AI生成)
531,commercial,商業的な; 営利的な,形容詞,The movie was a commercial success.,その映画は商業的に成功した。(AI生成)
532,progress,進歩; 前進,名詞,We are making good progress.,私たちは順調に進歩している。(AI生成)
533,trust,信頼, 信用,名詞,Trust is the foundation of any relationship.,信頼はいかなる関係においても基礎となる。(AI生成)
534,relief,安心; 除去,名詞,I breathed a sigh of relief.,私は安堵（安心）のため息をついた。(AI生成)
535,pair,一対; ペア,名詞,I bought a new pair of shoes.,私は新しい靴を一足買った。(AI生成)
536,liberal,自由主義の; 寛大な,形容詞,He has liberal views on education.,彼は教育に関して自由主義的な考えを持っている。(AI生成)
537,vision,視力; ビジョン,名詞,The company has a clear vision for the future.,その会社は未来への明確なビジョンを持っている。(AI生成)
538,requirement,必要条件; 必需品,名詞,A degree is a requirement for this job.,学位はこの仕事の必要条件だ。(AI生成)
539,move,動く; 引っ越す; 感動させる,動詞,Don't move!,動くな！(AI生成)
540,notion,観念; 考え,名詞,He has a strange notion of fun.,彼は楽しみについて奇妙な考え（観念）を持っている。(AI生成)
541,spot,場所; 斑点,名詞,This is a good spot for a picnic.,ここはピクニックに良い場所だ。(AI生成)
542,percentage,割合, 百分率,名詞,A high percentage of students passed.,高い割合の生徒が合格した。(AI生成)
543,procedure,手順; 手続き,名詞,What is the procedure for applying?,申請の手順は何ですか？(AI生成)
544,implement,を実行する,動詞,We need to implement the new plan.,私たちは新しい計画を実行する必要がある。(AI生成)
545,loan,貸付金, ローン,名詞,He took out a loan to buy a house.,彼は家を買うためにローンを組んだ。(AI生成)
546,stress,ストレス; 強調,名詞,She is under a lot of stress.,彼女は多くのストレスを感じている。(AI生成)
547,contribution,貢献; 寄付,名詞,His contribution was vital to our success.,彼の貢献は私たちの成功に不可欠だった。(AI生成)
548,select,を選ぶ,動詞,Please select your favorite color.,あなたの好きな色を選んでください。(AI生成)
549,client,依頼人; 顧客,名詞,We had a meeting with a new client.,私たちは新しい顧客と会議をした。(AI生成)
550,hardly,ほとんど~ない,副詞,I could hardly believe my eyes.,私は自分の目をほとんど信じられなかった。(AI生成)
551,investigate,を調査する,動詞,The police are investigating the cause of the fire.,警察は火事の原因を調査している。(AI生成)
552,frequency,頻度; 周波数,名詞,The frequency of accidents has decreased.,事故の頻度は減少した。(AI生成)
553,typical,典型的な,形容詞,This is a typical example of his work.,これは彼の作品の典型的な例だ。(AI生成)
554,substantial,かなりの; 実質的な,形容詞,We made a substantial profit this year.,私たちは今年かなりの利益を上げた。(AI生成)
555,whereas,一方で; ~だけれども,接続詞,He likes football, whereas she prefers tennis.,彼はサッカーが好きだが、一方で彼女はテニスを好む。(AI生成)
556,promote,を促進する; を昇進させる,動詞,The government is trying to promote tourism.,政府は観光を促進しようとしている。(AI生成)
557,spread,広がる; を広げる,動詞,The news spread quickly.,そのニュースはすぐに広まった。(AI生成)
558,solid,固体の; 堅固な,形容詞,Water turns into solid ice at 0 degrees.,水は0度で固体の氷になる。(AI生成)
559,gap,割れ目; 格差; 隔たり,名詞,There is a big gap between the rich and the poor.,貧富の間には大きな格差がある。(AI生成)
560,belief,信念; 信じること,名詞,It is my belief that hard work pays off.,努力は報われるというのが私の信念だ。(AI生成)
561,quarter,4分の1; 15分; 地域,名詞,Three quarters of the earth's surface is water.,地表の4分の3は水だ。(AI生成)
562,noise,騒音; 音,名詞,The noise from the construction site is loud.,建設現場からの騒音がうるさい。(AI生成)
563,escape,逃げる; を免れる,動詞,The bird escaped from the cage.,鳥は鳥かごから逃げた。(AI生成)
564,generation,世代; 発生,名詞,We must preserve nature for future generations.,私たちは未来の世代のために自然を保護しなければならない。(AI生成)
565,manage,を何とか成し遂げる; を管理する,動詞,I managed to finish the report on time.,私は何とかレポートを時間通りに終わらせた。(AI生成)
566,flow,流れる,動詞,The river flows into the sea.,その川は海に流れ込む。(AI生成)
567,definition,定義; 明確さ,名詞,What is the definition of success?,成功の定義は何ですか？(AI生成)
568,politics,政治(学),名詞,He is studying politics at university.,彼は大学で政治学を学んでいる。(AI生成)
569,confidence,自信; 信頼,名詞,She lacks confidence in her abilities.,彼女は自分の能力に自信がない。(AI生成)
570,literature,文学; 文献,名詞,She is a professor of English literature.,彼女は英文学の教授だ。(AI生成)
571,corner,角; 曲がり角,名詞,The store is on the corner of the street.,その店は通りの角にある。(AI生成)
572,average,平均の; 標準の,形容詞,The average temperature is 20 degrees.,平均気温は20度だ。(AI生成)
573,description,描写; 説明,名詞,The book gives a detailed description of the city.,その本は都市の詳細な描写をしている。(AI生成)
574,softly,優しく; 静かに,副詞,She spoke softly to the baby.,彼女は赤ちゃんに優しく話しかけた。(AI生成)
575,identify,を特定する; を同一視する,動詞,Can you identify this plant?,この植物を特定できますか？(AI生成)
576,alter,を変える; 変わる,動詞,We had to alter our plans.,私たちは計画を変更しなければならなかった。(AI生成)
577,incident,出来事; 事件,名詞,He reported the incident to the police.,彼はその事件を警察に報告した。(AI生成)
578,frequently,頻繁に,副詞,I frequently visit the library.,私は頻繁に図書館を訪れる。(AI生成)
579,perspective,観点; 遠近法,名詞,Try to see things from a different perspective.,異なる観点から物事を見るようにしなさい。(AI生成)
580,faith,信頼; 信仰; 信念,名詞,I have faith in you.,私はあなたを信頼している。(AI生成)
581,schedule,予定; スケジュール,名詞,My schedule is full today.,今日の予定はいっぱいだ。(AI生成)
582,assessment,評価; 査定,名詞,The assessment of the damage took several days.,被害の評価（査定）には数日かかった。(AI生成)
583,campus,構内; キャンパス,名詞,The university campus is very large.,その大学のキャンパスはとても広い。(AI生成)
584,discover,を発見する,動詞,Columbus discovered America in 1492.,コロンブスは1492年にアメリカを発見した。(AI生成)
585,valuable,高価な; 貴重な,形容詞,This necklace is very valuable.,このネックレスはとても高価だ。(AI生成)
586,rare,珍しい; まれな,形容詞,This is a rare opportunity.,これは珍しい機会だ。(AI生成)
587,institution,機関; 制度; 施設,名詞,The bank is a financial institution.,銀行は金融機関だ。(AI生成)
588,mountain,山,名詞,Mount Fuji is the highest mountain in Japan.,富士山は日本で一番高い山だ。(AI生成)
589,principle,原理; 原則; 主義,名詞,He is a man of high principles.,彼は高い信条（主義）を持った人だ。(AI生成)
590,advocate,を主張する; 支持する,動詞,She advocates for animal rights.,彼女は動物の権利を主張している。(AI生成)
591,plot,筋; 陰謀; 小区画,名詞,The plot of the novel is complex.,その小説の筋は複雑だ。(AI生成)
592,mood,気分; 機嫌,名詞,I'm in a good mood today.,今日は気分が良い。(AI生成)
593,stare,じっと見つめる,動詞,Don't stare at people.,人をじろじろ見つめてはいけない。(AI生成)
594,apparent,明白な; うわべの,形容詞,It was apparent that he was ill.,彼が病気であることは明白だった。(AI生成)
595,justice,正義; 公正; 司法,名詞,We want justice for the victims.,私たちは被害者のための正義を望む。(AI生成)
596,permission,許可,名詞,You need permission to park here.,ここに駐車するには許可が必要だ。(AI生成)
597,maximum,最大の,形容詞,The maximum speed limit is 100 km/h.,最高速度制限は時速100キロだ。(AI生成)
598,violent,暴力的な; 激しい,形容詞,The movie contains violent scenes.,その映画は暴力的なシーンを含んでいる。(AI生成)
599,succeed,成功する; 継承する,動詞,He succeeded in solving the problem.,彼は問題の解決に成功した。(AI生成)
600,expense,費用; 犠牲,名詞,We traveled at our own expense.,私たちは自費で旅行した。(AI生成)
601,construct,を建設する; を組み立てる,動詞,The city constructed a new library.,市は新しい図書館を建設した。(AI生成)
602,destroy,を破壊する,動詞,The earthquake destroyed the building.,地震がその建物を破壊した。(AI生成)
603,repair,を修理する,動詞,He repaired the broken bicycle.,彼は壊れた自転車を修理した。(AI生成)
604,burn,を燃やす; 燃える,動詞,Wood burns easily.,木は燃えやすい。(AI生成)
605,explode,爆発する,動詞,The bomb exploded with a loud noise.,爆弾は大きな音を立てて爆発した。(AI生成)
606,expand,拡大する; 膨張する,動詞,Metals expand when heated.,金属は熱せられると膨張する。(AI生成)
607,shrink,縮む; を縮ませる,動詞,This shirt shrank in the wash.,このシャツは洗濯で縮んだ。(AI生成)
608,extend,を延長する; 伸びる,動詞,We decided to extend our stay.,私たちは滞在を延長することにした。(AI生成)
609,shorten,を短くする,動詞,Can you shorten these pants?,このズボンを短くしてもらえますか？(AI生成)
610,lift,を持ち上げる,動詞,He couldn't lift the heavy box.,彼はその重い箱を持ち上げることができなかった。(AI生成)
611,drop,を落とす; 落ちる,動詞,Be careful not to drop the glass.,グラスを落とさないように気をつけて。(AI生成)
612,fall,落ちる; 降る,動詞,Leaves fall from the trees in autumn.,秋には木から葉が落ちる。(AI生成)
613,pour,を注ぐ; 流れ出る,動詞,Please pour me some water.,私に水を注いでください。(AI生成)
614,fill,を満たす; いっぱいになる,動詞,She filled the cup with coffee.,彼女はカップをコーヒーで満たした。(AI生成)
615,reveal,を明らかにする; を見せる,動詞,The curtain was lifted to reveal the painting.,カーテンが上がって絵画が現れた。(AI生成)
616,explore,を探検する; 調査する,動詞,We explored the old cave.,私たちはその古い洞窟を探検した。(AI生成)
617,examine,を検査する; 調べる,動詞,The doctor examined the patient.,医者は患者を診察（検査）した。(AI生成)
618,check,を確認する; 点検する,動詞,Please check your answers again.,もう一度答えを確認してください。(AI生成)
619,test,を試験する,動詞,The new car is being tested on the road.,その新車は路上でテストされている。(AI生成)
620,weigh,の重さがある; 重さを量る,動詞,How much do you weigh?,あなたの体重はどれくらいですか？(AI生成)
621,count,を数える; 重要である,動詞,Can you count to ten in French?,フランス語で10まで数えられますか？(AI生成)
622,estimate,と推定する; 見積もる,動詞,They estimated the cost at $1000.,彼らは費用を1000ドルと見積もった。(AI生成)
623,guess,を推測する,動詞,Can you guess my age?,私の年齢を当てられますか？(AI生成)
624,predict,を予測する,動詞,It is difficult to predict the weather.,天気を予測するのは難しい。(AI生成)
625,demonstrate,を実演する; 証明する,動詞,He demonstrated how to use the machine.,彼は機械の使い方を実演した。(AI生成)
626,teach,を教える,動詞,She teaches English at a high school.,彼女は高校で英語を教えている。(AI生成)
627,learn,を学ぶ; 習得する,動詞,Children learn languages quickly.,子供は言語を素早く習得する。(AI生成)
628,study,を勉強する; 研究する,動詞,I need to study for the exam.,私は試験のために勉強する必要がある。(AI生成)
629,instruct,に指示する; を教える,動詞,The manual instructs us on how to assemble the shelf.,説明書は棚の組み立て方を指示している。(AI生成)
630,train,を訓練する,動詞,Athletes train hard every day.,スポーツ選手は毎日熱心に訓練する。(AI生成)
631,educate,を教育する,動詞,Parents should educate their children about safety.,親は子供に安全について教育すべきだ。(AI生成)
632,develop,を発達させる; 開発する,動詞,Reading helps develop your vocabulary.,読書は語彙を発達させるのに役立つ。(AI生成)
633,improve,を改善する; 良くなる,動詞,I want to improve my tennis skills.,私はテニスの技術を向上させたい。(AI生成)
634,solve,を解決する; 解く,動詞,We need to solve this problem immediately.,私たちは直ちにこの問題を解決する必要がある。(AI生成)
635,answer,に答える,動詞,Please answer the question.,質問に答えてください。(AI生成)
636,reply,返事をする,動詞,I will reply to your email later.,後でメールに返信します。(AI生成)
637,respond,反応する; 応答する,動詞,The patient responded well to the treatment.,患者は治療によく反応した。(AI生成)
638,agree,同意する; 賛成する,動詞,I agree with you completely.,私はあなたに完全に同意します。(AI生成)
639,disagree,意見が食い違う; 反対する,動詞,I disagree with his opinion.,私は彼の意見に反対だ。(AI生成)
640,support,を支持する; を支える,動詞,The bridge is supported by stone pillars.,その橋は石の柱で支えられている。(AI生成)
641,oppose,に反対する,動詞,Many people oppose the new tax law.,多くの人々が新しい税法に反対している。(AI生成)
642,defend,を防御する; 弁護する,動詞,The lawyer defended the accused man.,弁護士は告発された男を弁護した。(AI生成)
643,protect,を保護する; 守る,動詞,Sunglasses protect your eyes from the sun.,サングラスは太陽から目を守る。(AI生成)
644,save,を救う; 節約する; 貯金する,動詞,He saved the boy from drowning.,彼は少年が溺れているところを助けた。(AI生成)
645,rescue,を救助する,動詞,Firefighters rescued the cat from the tree.,消防士が木から猫を救助した。(AI生成)
646,assist,を手伝う; 援助する,動詞,The nurse assisted the doctor during the surgery.,看護師は手術中、医師を補助した。(AI生成)
647,help,を助ける,動詞,Can you help me with my homework?,宿題を手伝ってくれますか？(AI生成)
648,attend,に出席する; 通う,動詞,She attended the meeting yesterday.,彼女は昨日会議に出席した。(AI生成)
649,participate,参加する,動詞,Everyone is encouraged to participate in the event.,誰もがイベントへの参加を奨励されている。(AI生成)
650,join,に加わる; 参加する,動詞,May I join your team?,あなたのチームに入ってもいいですか？(AI生成)
651,belong,所属する; (~の)ものである,動詞,This book belongs to me.,この本は私のものだ。(AI生成)
652,consist,成る; 構成される,動詞,The committee consists of ten members.,委員会は10人のメンバーで構成されている。(AI生成)
653,contain,を含む; 入っている,動詞,This bottle contains water.,このボトルには水が入っている。(AI生成)
654,exist,存在する; 生存する,動詞,Does life exist on other planets?,他の惑星に生命は存在するのか？(AI生成)
655,matter,重要である; 問題となる,動詞,It doesn't matter what you wear.,何を着ていくかは重要ではない。(AI生成)
656,count,重要である; を数える,動詞,Every vote counts.,一票一票が重要だ。(AI生成)
657,face,に直面する; の方へ顔を向ける,動詞,We must face the reality.,私たちは現実に直面しなければならない。(AI生成)
658,head,向かう; 進む,動詞,We are heading for the station.,私たちは駅に向かっている。(AI生成)
659,appear,現れる; のように見える,動詞,He appeared to be calm.,彼は落ち着いているように見えた。(AI生成)
660,disappear,消える; 見えなくなる,動詞,The sun disappeared behind the clouds.,太陽は雲の後ろに消えた。(AI生成)
661,remain,ままである; 残る,動詞,Please remain seated.,座ったままでいてください。(AI生成)
662,stay,滞在する; ままである,動詞,Stay calm and don't panic.,落ち着いて、パニックにならないで。(AI生成)
663,wait,待つ,動詞,I'll wait for you here.,ここであなたを待っています。(AI生成)
664,fit,に合う; 適した,動詞,This coat fits me perfectly.,このコートは私にぴったりだ。(AI生成)
665,suit,に似合う; 都合が良い,動詞,Blue suits you well.,青はあなたによく似合う。(AI生成)
666,match,と調和する; に匹敵する,動詞,Her shoes match her bag.,彼女の靴はバッグと合っている（調和している）。(AI生成)
667,waste,を浪費する; 無駄にする,動詞,Don't waste your time.,時間を無駄にしてはいけない。(AI生成)
668,afford,(~する)余裕がある,動詞,We can't afford to go on holiday this year.,今年は休暇に行く余裕がない。(AI生成)
669,owe,(金)を借りている; のおかげである,動詞,I owe you 10 dollars.,私はあなたに10ドル借りている。(AI生成)
670,own,を所有する,動詞,He owns a large house.,彼は大きな家を所有している。(AI生成)
671,possess,を所有する; (性質)を持つ,動詞,She possesses a rare talent.,彼女は稀な才能を持っている。(AI生成)
672,share,を共有する; 分け合う,動詞,They share a room.,彼らは部屋を共有している。(AI生成)
673,divide,を分ける; 分割する,動詞,The teacher divided the class into groups.,先生はクラスをグループに分けた。(AI生成)
674,separate,を分ける; 引き離す,動詞,Please separate the garbage.,ゴミを分別してください。(AI生成)
675,connect,をつなぐ; 関係させる,動詞,This road connects the two cities.,この道は2つの都市をつないでいる。(AI生成)
676,link,を関連づける; つなぐ,動詞,Police linked him to the crime.,警察は彼をその犯罪と関連づけた。(AI生成)
677,combine,を結合させる; 組み合わせる,動詞,We combined our efforts to finish the job.,私たちは仕事を終えるために力を合わせた。(AI生成)
678,unite,を結合する; 団結させる,動詞,Music has the power to unite people.,音楽には人々を団結させる力がある。(AI生成)
679,gather,を集める; 集まる,動詞,A crowd gathered around the speaker.,群衆が話し手の周りに集まった。(AI生成)
680,collect,を集める; 収集する,動詞,He collects old coins.,彼は古い硬貨を集めている。(AI生成)
681,pick,を選ぶ; (花・実)を摘む,動詞,Pick a card, any card.,カードを1枚選んでください。(AI生成)
682,choose,を選ぶ; 選択する,動詞,You can choose whatever you like.,好きなものを何でも選べます。(AI生成)
683,decide,を決める; 決心する,動詞,Have you decided what to eat?,何を食べるか決めましたか？(AI生成)
684,determine,を決定する; 決心する,動詞,The size of the room determines the furniture.,部屋の大きさが家具を決定する。(AI生成)
685,mind,を気にする; 嫌がる,動詞,Would you mind opening the window?,窓を開けていただけますか（気にしますか）？(AI生成)
686,care,気にかける; 世話をする,動詞,I don't care what people say.,人が何と言おうと気にしない。(AI生成)
687,worry,心配する; を心配させる,動詞,Don't worry about me.,私のことは心配しないで。(AI生成)
688,annoy,をイライラさせる; 悩ます,動詞,The noise annoyed me.,その騒音が私をイライラさせた。(AI生成)
689,bother,を悩ませる; わざわざ~する,動詞,Sorry to bother you.,お邪魔して（悩ませて）すみません。(AI生成)
690,disturb,を妨げる; 邪魔する,動詞,Do not disturb.,起こさないでください（邪魔しないで）。(AI生成)
691,hurt,を傷つける; 痛む,動詞,My leg hurts.,足が痛む。(AI生成)
692,injure,を傷つける; 怪我をさせる,動詞,He was injured in the accident.,彼は事故で怪我をした。(AI生成)
693,damage,に損害を与える,動詞,The storm damaged the roof.,嵐が屋根に損害を与えた。(AI生成)
694,ruin,を台無しにする; 破滅させる,動詞,The rain ruined our picnic.,雨が私たちのピクニックを台無しにした。(AI生成)
695,spoil,を台無しにする; (子供)を甘やかす,動詞,Don't spoil the ending of the movie.,映画の結末をネタバレ（台無しに）しないで。(AI生成)
696,admire,に感嘆する; を賞賛する,動詞,I admire his courage.,私は彼の勇気に感嘆する。(AI生成)
697,respect,を尊敬する; 尊重する,動詞,We should respect our elders.,私たちは年長者を尊敬すべきだ。(AI生成)
698,praise,を褒める; 賞賛する,動詞,The teacher praised the student for his hard work.,先生は生徒の努力を褒めた。(AI生成)
699,blame,を非難する; のせいにする,動詞,Don't blame yourself.,自分を責めないで。(AI生成)
700,criticize,を批判する; 批評する,動詞,It is easy to criticize others.,他人を批判するのは簡単だ。(AI生成)
701,complain,不平を言う; 訴える,動詞,He complained about the noise.,彼は騒音について不平を言った。(AI生成)
702,apologize,謝る; 謝罪する,動詞,You should apologize to her.,あなたは彼女に謝るべきだ。(AI生成)
703,lie,横たわる; 嘘をつく,動詞,Don't lie to me.,私に嘘をつくな。(AI生成)
704,lay,を置く; を横たえる,動詞,Lay the book on the table.,本を机の上に置きなさい。(AI生成)
705,stand,立つ; 我慢する,動詞,I can't stand this heat.,私はこの暑さに我慢できない。(AI生成)
706,perform,を行う; 演じる,動詞,The surgeon performed the operation.,外科医は手術を行った。(AI生成)
707,interrupt,を妨げる; 中断する,動詞,Don't interrupt me while I'm talking.,私が話している最中に割り込まないで。(AI生成)
708,cease,をやめる; 終わる,動詞,The rain ceased.,雨が止んだ。(AI生成)
709,pause,休止する,動詞,He paused for a moment to think.,彼は考えるために一瞬言葉を切った（休止した）。(AI生成)
710,quit,をやめる; 辞職する,動詞,He decided to quit smoking.,彼はタバコをやめることにした。(AI生成)
711,retire,引退する; 退職する,動詞,He plans to retire at 65.,彼は65歳で引退する予定だ。(AI生成)
712,resign,を辞職する,動詞,The minister resigned yesterday.,大臣は昨日辞職した。(AI生成)
713,abandon,を捨てる; 断念する,動詞,They abandoned the sinking ship.,彼らは沈みゆく船を捨てた。(AI生成)
714,bury,を埋める,動詞,The dog buried the bone in the yard.,犬は庭に骨を埋めた。(AI生成)
715,dig,を掘る,動詞,They dug a hole in the ground.,彼らは地面に穴を掘った。(AI生成)
716,cultivate,を耕す; を栽培する,動詞,They cultivate rice in this area.,彼らはこの地域で米を栽培している。(AI生成)
717,harvest,を収穫する,動詞,Farmers harvest crops in the autumn.,農家は秋に作物を収穫する。(AI生成)
718,preserve,を保存する; 保護する,動詞,Salt is used to preserve meat.,塩は肉を保存するために使われる。(AI生成)
719,prevent,を防ぐ; 妨げる,動詞,Seatbelts prevent injuries in car accidents.,シートベルトは自動車事故での怪我を防ぐ。(AI生成)
720,prohibit,を禁止する,動詞,Smoking is prohibited in this building.,この建物内での喫煙は禁止されている。(AI生成)
721,forbid,を禁じる,動詞,My parents forbid me to stay out late.,両親は私が夜更かしするのを禁じている。(AI生成)
722,permit,を許可する,動詞,Photography is not permitted here.,ここでは写真撮影は許可されていない。(AI生成)
723,allow,を許す,動詞,Please allow me to introduce myself.,自己紹介をさせてください（許可してください）。(AI生成)
724,forgive,を許す,動詞,She forgave him for his mistake.,彼女は彼の過ちを許した。(AI生成)
725,overlook,を見落とす; 大目に見る,動詞,I will overlook your mistake this time.,今回だけは君のミスを大目に見よう。(AI生成)
726,watch,を見る; 監視する,動詞,Watch your step.,足元に気をつけて。(AI生成)
727,notice,に気づく,動詞,I noticed a change in his behavior.,私は彼の行動の変化に気づいた。(AI生成)
728,realize,を悟る; 実現する,動詞,I realized that I had lost my wallet.,私は財布をなくしたことに気づいた。(AI生成)
729,recognize,を識別する; 認める,動詞,I didn't recognize him at first.,最初は彼だと分からなかった。(AI生成)
730,distinguish,を区別する,動詞,It is hard to distinguish between twins.,双子を見分ける（区別する）のは難しい。(AI生成)
731,judge,を判断する; 裁く,動詞,Don't judge a book by its cover.,本を表紙で判断してはいけない。(AI生成)
732,flee,逃げる,動詞,Many people fled the country during the war.,戦争中、多くの人々が国外へ逃げた。(AI生成)
733,chase,を追いかける,動詞,The cat chased the mouse.,猫はネズミを追いかけた。(AI生成)
734,follow,に続く; に従う,動詞,Follow me.,私について来なさい。(AI生成)
735,precede,に先立つ,動詞,A brief introduction preceded the speech.,スピーチの前に短い紹介があった。(AI生成)
736,accompany,に同行する; に付随する,動詞,Children must be accompanied by an adult.,子供は大人同伴でなければならない。(AI生成)
737,attach,を取り付ける,動詞,Please attach a photo to the application form.,申込書に写真を添付してください。(AI生成)
738,detach,を切り離す,動詞,You can detach the keyboard from the tablet.,キーボードをタブレットから取り外すことができる。(AI生成)
739,remove,を取り除く,動詞,Please remove your shoes.,靴を脱いで（取り除いて）ください。(AI生成)
740,eliminate,を排除する,動詞,We need to eliminate errors from the system.,システムからエラーを排除する必要がある。(AI生成)
741,exclude,を除外する,動詞,The price excludes tax.,価格は税を含んでいない（除外している）。(AI生成)
742,include,を含む,動詞,Breakfast is included in the price.,朝食は料金に含まれている。(AI生成)
743,compose,を構成する; 作曲する,動詞,Water is composed of hydrogen and oxygen.,水は水素と酸素から構成されている。(AI生成)
744,organize,を組織する; 整理する,動詞,She organized the files alphabetically.,彼女はファイルをアルファベット順に整理した。(AI生成)
745,arrange,を整える; 手配する,動詞,I will arrange a meeting with him.,彼との面会を手配します。(AI生成)
746,adjust,を調節する; 順応する,動詞,You can adjust the height of the chair.,椅子の高さを調節できます。(AI生成)
747,adopt,を採用する; 養子にする,動詞,The school adopted a new teaching method.,学校は新しい教授法を採用した。(AI生成)
748,apply,を適用する; 申し込む,動詞,This rule applies to everyone.,この規則は全員に適用される。(AI生成)
749,hire,を雇う,動詞,They hired a new gardener.,彼らは新しい庭師を雇った。(AI生成)
750,employ,を雇用する,動詞,The factory employs 500 workers.,その工場は500人の労働者を雇用している。(AI生成)
751,handle,を扱う; 手を触れる,動詞,He knows how to handle difficult situations.,彼は難しい状況の扱い方を知っている。(AI生成)
752,approach,に近づく; 取り組む,動詞,The train is approaching the station.,列車が駅に近づいている。(AI生成)
753,touch,に触れる; 感動させる,動詞,Please do not touch the exhibits.,展示物に手を触れないでください。(AI生成)
754,smell,のにおいがする,動詞,The soup smells delicious.,そのスープは美味しそうなにおいがする。(AI生成)
755,taste,の味がする,動詞,This apple tastes sweet.,このリンゴは甘い味がする。(AI生成)
756,sound,に聞こえる,動詞,That idea sounds great.,その考えは良さそうだ（良く聞こえる）。(AI生成)
757,feel,を感じる,動詞,I feel happy today.,今日は幸せな気分だ。(AI生成)
758,bite,を噛む,動詞,The dog bit the postman.,犬は郵便配達員を噛んだ。(AI生成)
759,swallow,を飲み込む,動詞,He swallowed the pill with water.,彼は水で薬を飲み込んだ。(AI生成)
760,digest,を消化する,動詞,It takes time to digest food.,食物を消化するには時間がかかる。(AI生成)
761,absorb,を吸収する,動詞,Plants absorb water from the soil.,植物は土から水を吸収する。(AI生成)
762,lock,に鍵をかける,動詞,Did you lock the door?,ドアに鍵をかけましたか？(AI生成)
763,shut,を閉める,動詞,Please shut the window.,窓を閉めてください。(AI生成)
764,knock,ノックする; 打つ,動詞,Someone is knocking at the door.,誰かがドアをノックしている。(AI生成)
765,tap,を軽くたたく,動詞,He tapped me on the shoulder.,彼は私の肩を軽くたたいた。(AI生成)
766,rub,をこする,動詞,She rubbed her eyes.,彼女は目をこすった。(AI生成)
767,polish,を磨く,動詞,He polished his shoes.,彼は靴を磨いた。(AI生成)
768,sweep,を掃く,動詞,She swept the floor.,彼女は床を掃いた。(AI生成)
769,wipe,を拭く,動詞,Please wipe the table.,テーブルを拭いてください。(AI生成)
770,wash,を洗う,動詞,I need to wash my car.,私は車を洗う必要がある。(AI生成)
771,clean,をきれいにする,動詞,He cleaned his room.,彼は自分の部屋を掃除した。(AI生成)
772,clear,を片付ける; 晴れる,動詞,Please clear the table after dinner.,夕食後はテーブルを片付けてください。(AI生成)
773,decorate,を飾る,動詞,They decorated the room with flowers.,彼らは部屋を花で飾った。(AI生成)
774,illustrate,を説明する; 挿絵を入れる,動詞,The teacher illustrated the point with examples.,先生は例を使ってその点を説明した。(AI生成)
775,point,指差す; 向ける,動詞,He pointed to the map.,彼は地図を指差した。(AI生成)
776,shout,叫ぶ,動詞,Don't shout at me.,私に向かって叫ばないで。(AI生成)
777,whisper,ささやく,動詞,She whispered something in his ear.,彼女は彼の耳元で何かをささやいた。(AI生成)
778,pronounce,を発音する,動詞,How do you pronounce this word?,この単語はどう発音しますか？(AI生成)
779,translate,を翻訳する,動詞,He translated the letter into English.,彼はその手紙を英語に翻訳した。(AI生成)
780,interpret,を通訳する; 解釈する,動詞,She interpreted for the prime minister.,彼女は首相の通訳をした。(AI生成)
781,publish,を出版する,動詞,His new book will be published next month.,彼の新しい本は来月出版される。(AI生成)
782,print,を印刷する,動詞,I need to print this document.,この書類を印刷する必要がある。(AI生成)
783,broadcast,を放送する,動詞,The news was broadcast live.,そのニュースは生放送された。(AI生成)
784,appeal,懇願する; 訴える,動詞,He appealed to the public for help.,彼は助けを求めて大衆に訴えた。(AI生成)
785,demand,を要求する,動詞,The workers demanded better conditions.,労働者たちはより良い条件を要求した。(AI生成)
786,claim,を主張する; 要求する,動詞,He claims to be innocent.,彼は無実だと主張している。(AI生成)
787,insist,を強く主張する,動詞,She insisted on paying for the dinner.,彼女は夕食代を払うと強く主張した（譲らなかった）。(AI生成)
788,persuade,を説得する,動詞,I tried to persuade him to stay.,私は彼にとどまるよう説得しようとした。(AI生成)
789,convince,に確信させる; 納得させる,動詞,She convinced me of her innocence.,彼女は私に自身の無実を納得させた。(AI生成)
790,warn,に警告する,動詞,The sign warned us of the danger.,標識は私たちに危険を警告していた。(AI生成)
791,remind,に思い出させる,動詞,Please remind me to call him.,彼に電話するのを思い出させてください。(AI生成)
792,inform,に知らせる,動詞,We will inform you of the results.,結果をお知らせします。(AI生成)
793,announce,を発表する,動詞,They announced their engagement.,彼らは婚約を発表した。(AI生成)
794,declare,を宣言する,動詞,The country declared independence.,その国は独立を宣言した。(AI生成)
795,promise,を約束する,動詞,I promise I won't be late.,遅れないと約束します。(AI生成)
796,swear,を誓う; 罵る,動詞,Do you swear to tell the truth?,真実を語ることを誓いますか？(AI生成)
797,pray,祈る,動詞,They prayed for peace.,彼らは平和を祈った。(AI生成)
798,celebrate,を祝う,動詞,We celebrated his birthday.,私たちは彼の誕生日を祝った。(AI生成)
799,congratulate,を祝う,動詞,I congratulated him on his success.,私は彼の成功を祝った。(AI生成)
800,dismiss,を解雇する; を退ける,動詞,He was dismissed from his job.,彼は仕事を解雇された。(AI生成)
801,elect,を選挙で選ぶ,動詞,He was elected mayor of the city.,彼は市の市長に選ばれた。(AI生成)
802,appoint,を任命する; (日時・場所)を指定する,動詞,She was appointed as the new chairperson.,彼女は新しい議長に任命された。(AI生成)
803,arrest,を逮捕する,動詞,The police arrested the thief.,警察は泥棒を逮捕した。(AI生成)
804,rob,から奪う,動詞,He was robbed of his wallet.,彼は財布を奪われた。(AI生成)
805,steal,を盗む,動詞,Someone stole my bike.,誰かが私の自転車を盗んだ。(AI生成)
806,cheat,をだます; カンニングをする,動詞,He cheated on the exam.,彼は試験でカンニングをした。(AI生成)
807,envy,をうらやむ,動詞,I envy your success.,私はあなたの成功がうらやましい。(AI生成)
808,regret,を後悔する; 残念に思う,動詞,I regret saying that.,私はそう言ったことを後悔している。(AI生成)
809,doubt,を疑う,動詞,I doubt if he is telling the truth.,彼が本当のことを言っているのか疑わしい。(AI生成)
810,suspect,を疑う; に感づく,動詞,The police suspect him of murder.,警察は彼に殺人の容疑をかけている（疑っている）。(AI生成)
811,rely,頼る; 信頼する,動詞,You can rely on me.,私を頼っていいですよ。(AI生成)
812,lean,傾く; もたれる,動詞,Don't lean against the wall.,壁にもたれかからないで。(AI生成)
813,float,浮く; 漂う,動詞,Wood floats on water.,木は水に浮く。(AI生成)
814,sink,沈む,動詞,The ship sank to the bottom of the sea.,その船は海の底へ沈んだ。(AI生成)
815,melt,溶ける; を溶かす,動詞,The snow is melting.,雪が溶けている。(AI生成)
816,freeze,凍る; を凍らせる,動詞,Water freezes at 0 degrees Celsius.,水は摂氏0度で凍る。(AI生成)
817,boil,沸騰する; を沸かす,動詞,Please boil the water for tea.,お茶のためにお湯を沸かしてください。(AI生成)
818,evaporate,蒸発する,動詞,Water evaporates when heated.,水は熱せられると蒸発する。(AI生成)
819,amaze,をびっくりさせる,動詞,His skill amazed everyone.,彼の技術は皆をびっくりさせた。(AI生成)
820,scare,を怖がらせる,動詞,The loud noise scared the baby.,大きな音が赤ちゃんを怖がらせた。(AI生成)
821,bark,吠える,動詞,The dog barked at the stranger.,犬は見知らぬ人に吠えついた。(AI生成)
822,bow,お辞儀する,動詞,They bowed to the Queen.,彼らは女王にお辞儀をした。(AI生成)
823,nod,うなずく,動詞,She nodded in agreement.,彼女は同意してうなずいた。(AI生成)
824,shake,を振る; 揺れる,動詞,Shake the bottle before use.,使用前にボトルを振ってください。(AI生成)
825,wave,手を振る; 波打つ,動詞,She waved goodbye to us.,彼女は私たちにさよならと手を振った。(AI生成)
826,clap,手をたたく; 拍手する,動詞,The audience clapped their hands.,観客は手をたたいた。(AI生成)
827,scratch,を引っ掻く; かく,動詞,The cat scratched the sofa.,猫がソファを引っ掻いた。(AI生成)
828,fasten,を締める; 固定する,動詞,Please fasten your seatbelt.,シートベルトを締めてください。(AI生成)
829,tighten,をきつく締める,動詞,He tightened the screws.,彼はネジをきつく締めた。(AI生成)
830,loosen,を緩める,動詞,She loosened her tie.,彼女はネクタイを緩めた。(AI生成)
831,stick,を貼り付ける; 突き刺す,動詞,Stick the stamp on the envelope.,封筒に切手を貼りなさい。(AI生成)
832,paste,を糊で貼る,動詞,Copy and paste the text.,テキストをコピーして貼り付けなさい。(AI生成)
833,bind,を縛る; 結びつける,動詞,They bound his hands with rope.,彼らはロープで彼の手を縛った。(AI生成)
834,squeeze,を絞る; 強く押す,動詞,Squeeze the lemon to get the juice.,ジュースを取るためにレモンを絞りなさい。(AI生成)
835,twist,をねじる; ひねる,動詞,He twisted his ankle.,彼は足首をひねった。(AI生成)
836,bend,を曲げる; 曲がる,動詞,Bend your knees.,膝を曲げてください。(AI生成)
837,fold,を折りたたむ,動詞,She folded the paper in half.,彼女は紙を半分に折った。(AI生成)
838,tear,を破る; 引き裂く,動詞,He tore the letter into pieces.,彼は手紙をビリビリに破った。(AI生成)
839,crack,ひびが入る; を割る,動詞,The mirror cracked.,鏡にひびが入った。(AI生成)
840,crash,衝突する; 墜落する,動詞,The car crashed into a tree.,車が木に衝突した。(AI生成)
841,smash,を粉砕する; 激突する,動詞,He smashed the window with a rock.,彼は石で窓を粉砕した。(AI生成)
842,rush,急いで行く; 急ぐ,動詞,We rushed to the hospital.,私たちは病院へ急行した。(AI生成)
843,dash,突進する,動詞,He dashed out of the room.,彼は部屋から飛び出した。(AI生成)
844,wander,歩き回る; さまよう,動詞,We wandered around the city.,私たちは街を歩き回った。(AI生成)
845,float,浮く,動詞,The boat floated on the lake.,ボートが湖に浮いていた。(AI生成)
846,slide,滑る; を滑らせる,動詞,The children slid down the hill.,子供たちは丘を滑り降りた。(AI生成)
847,slip,滑る; つるっと滑る,動詞,Be careful not to slip on the ice.,氷の上で滑らないように気をつけて。(AI生成)
848,stumble,つまずく,動詞,He stumbled over a stone.,彼は石につまずいた。(AI生成)
849,drag,を引きずる,動詞,He dragged the heavy bag.,彼は重いカバンを引きずった。(AI生成)
850,spin,回転する; を回転させる,動詞,The wheels spun rapidly.,車輪が急速に回転した。(AI生成)
851,roll,転がる; を巻く,動詞,The ball rolled down the hill.,ボールが丘を転がり落ちた。(AI生成)
852,bounce,跳ねる; バウンドする,動詞,The ball bounced off the wall.,ボールが壁に当たって跳ね返った。(AI生成)
853,pile,積み重ねる; 山,動詞,He piled the books on the desk.,彼は机の上に本を積み重ねた。(AI生成)
854,heap,山; たくさん,名詞,There is a heap of laundry on the floor.,床に洗濯物の山がある。(AI生成)
855,bundle,束; 包み,名詞,He carried a bundle of sticks.,彼は木の枝の束を運んだ。(AI生成)
856,pack,を詰める; 荷造りする,動詞,I need to pack my suitcase.,私はスーツケースに荷物を詰める必要がある。(AI生成)
857,load,を積む; 荷物,動詞,They loaded the truck with boxes.,彼らはトラックに箱を積んだ。(AI生成)
858,burden,重荷; 負担,名詞,I don't want to be a burden to you.,私はあなたの負担になりたくない。(AI生成)
859,bare,裸の; むき出しの,形容詞,He walked on the sand with bare feet.,彼は裸足で砂の上を歩いた。(AI生成)
860,naked,裸の,形容詞,The baby was naked.,その赤ちゃんは裸だった。(AI生成)
861,strip,を剥ぐ; 細長いきれ,動詞,He stripped the paint off the wall.,彼は壁のペンキを剥がした。(AI生成)
862,peel,の皮をむく,動詞,She peeled the apple.,彼女はリンゴの皮をむいた。(AI生成)
863,dip,をちょっと浸す,動詞,He dipped his toast in the coffee.,彼はトーストをコーヒーにちょっと浸した。(AI生成)
864,soak,を浸す; びしょぬれにする,動詞,Soak the beans in water overnight.,豆を一晩水に浸しなさい。(AI生成)
865,stain,を汚す; シミ,動詞,Be careful not to stain your shirt.,シャツを汚さないように気をつけて。(AI生成)
866,dirt,泥; 汚れ,名詞,His clothes were covered in dirt.,彼の服は泥まみれだった。(AI生成)
867,dust,ほこり,名詞,The furniture was covered in dust.,家具はほこりに覆われていた。(AI生成)
868,mess,散らかった状態; 混乱,名詞,My room is a mess.,私の部屋は散らかっている。(AI生成)
869,trace,跡; をたどる,名詞,There was no trace of him.,彼の痕跡はなかった。(AI生成)
870,track,通った跡; 線路; トラック,名詞,We followed the bear tracks.,私たちは熊の足跡をたどった。(AI生成)
871,trail,跡; 小道,名詞,We hiked along a mountain trail.,私たちは山道をハイキングした。(AI生成)
872,shadow,影,名詞,The tree cast a long shadow.,その木は長い影を落とした。(AI生成)
873,shade,日陰; 色合い,名詞,Let's sit in the shade.,日陰に座ろう。(AI生成)
874,ray,光線,名詞,A ray of sunlight came through the window.,一筋の日光が窓から差し込んだ。(AI生成)
875,beam,光線; 梁(はり); 笑顔,名詞,The laser beam hit the target.,レーザー光線が標的に当たった。(AI生成)
876,flash,閃光; ひらめき,名詞,I saw a flash of lightning.,私は稲妻の閃光を見た。(AI生成)
877,glow,白熱; 輝き,名詞,The fire gave off a warm glow.,火は暖かい輝きを放っていた。(AI生成)
878,shine,輝く; を磨く,動詞,The sun is shining brightly.,太陽が明るく輝いている。(AI生成)
879,sparkle,きらめく,動詞,Her eyes sparkled with joy.,彼女の目は喜びできらめいていた。(AI生成)
880,fade,色あせる; 消えていく,動詞,The color of the curtains has faded.,カーテンの色が色あせてしまった。(AI生成)
881,vanish,消える,動詞,The magician made the coin vanish.,手品師はコインを消してみせた。(AI生成)
882,chill,寒気; 冷やす,名詞,There is a chill in the air.,空気に寒気がある（肌寒い）。(AI生成)
883,cool,涼しい; 冷静な,形容詞,It's nice and cool in the shade.,日陰は涼しくて快適だ。(AI生成)
884,warm,暖かい,形容詞,It's getting warm outside.,外は暖かくなってきた。(AI生成)
885,heat,熱; 暑さ,名詞,I can't stand the heat.,私はこの暑さに耐えられない。(AI生成)
886,fire,火; 火事,名詞,Don't play with fire.,火遊びをしてはいけない。(AI生成)
887,flame,炎,名詞,The candle flame flickered.,ロウソクの炎が揺らめいた。(AI生成)
888,smoke,煙; 喫煙する,名詞,Smoke was rising from the chimney.,煙突から煙が上がっていた。(AI生成)
889,ash,灰,名詞,Volcanic ash covered the town.,火山灰が町を覆った。(AI生成)
890,powder,粉; パウダー,名詞,She put some powder on her face.,彼女は顔にパウダーをはたいた。(AI生成)
891,seed,種,名詞,We planted seeds in the garden.,私たちは庭に種をまいた。(AI生成)
892,stem,茎; 幹; 生じる,名詞,The flower has a long stem.,その花は長い茎を持っている。(AI生成)
893,leaf,葉,名詞,The trees are losing their leaves.,木々は葉を落としている。(AI生成)
894,bloom,花が咲く,動詞,The cherry blossoms are blooming.,桜の花が咲いている。(AI生成)
895,blossom,花(特に果樹の),名詞,Apple blossoms are beautiful.,リンゴの花は美しい。(AI生成)
896,ripe,熟した,形容詞,These bananas are not ripe yet.,これらのバナナはまだ熟していない。(AI生成)
897,raw,生の,形容詞,Sushi is made with raw fish.,寿司は生の魚で作られる。(AI生成)
898,fresh,新鮮な,形容詞,I bought some fresh vegetables.,私は新鮮な野菜を買った。(AI生成)
899,rotten,腐った,形容詞,There is a rotten apple in the basket.,バスケットの中に腐ったリンゴがある。(AI生成)
900,decay,腐敗する; 衰退する,動詞,Sugar causes teeth to decay.,砂糖は歯を腐らせる（虫歯の原因になる）。(AI生成)
901,stiff,硬直した; 堅い,形容詞,My muscles are stiff after the workout.,運動の後で筋肉が凝っている（硬直している）。(AI生成)
902,flexible,曲げやすい; 柔軟な,形容詞,You need to be flexible in your thinking.,考え方を柔軟にする必要がある。(AI生成)
903,elastic,弾力性のある,形容詞,Rubber is an elastic material.,ゴムは弾力性のある材料だ。(AI生成)
904,tough,たくましい; 困難な; 堅い,形容詞,He is a tough negotiator.,彼は手ごわい（たくましい）交渉人だ。(AI生成)
905,fragile,壊れやすい; 脆い,形容詞,Handle this box with care; it's fragile.,この箱は壊れやすいので注意して扱ってください。(AI生成)
906,smooth,滑らかな; 円滑な,形容詞,The baby's skin is very smooth.,赤ちゃんの肌はとても滑らかだ。(AI生成)
907,rough,ざらざらした; おおよその,形容詞,The sea was very rough today.,今日の海はとても荒れていた（ざらざらしていた）。(AI生成)
908,blunt,鈍い; 無遠慮な,形容詞,This knife is blunt and doesn't cut well.,このナイフはなまっていて（鈍くて）よく切れない。(AI生成)
909,sharp,鋭い; 急激な,形容詞,Be careful with that sharp knife.,その鋭いナイフに気をつけて。(AI生成)
910,pointed,先のとがった,形容詞,He has a pointed chin.,彼は先のとがった顎をしている。(AI生成)
911,hollow,空洞の; 中空の,形容詞,A bamboo stem is hollow.,竹の茎は中が空（空洞）だ。(AI生成)
912,solid,固体の; 堅実な,形容詞,The lake was frozen solid.,湖はカチカチに（固体に）凍っていた。(AI生成)
913,dense,密集した; 濃い,形容詞,We walked through a dense forest.,私たちは密集した森の中を歩いた。(AI生成)
914,transparent,透明な,形容詞,The water in the lake is transparent.,その湖の水は透明だ。(AI生成)
915,bright,明るい; 輝かしい,形容詞,The stars are bright tonight.,今夜は星が明るい。(AI生成)
916,dim,薄暗い; ぼんやりした,形容詞,The light in the room was dim.,部屋の明かりは薄暗かった。(AI生成)
917,dark,暗い,形容詞,It's getting dark outside.,外は暗くなってきた。(AI生成)
918,pale,青白い; 淡い,形容詞,She looked pale after the accident.,彼女は事故の後、顔が青白く見えた。(AI生成)
919,colorful,色彩豊かな,形容詞,Tropical birds are very colorful.,熱帯の鳥はとても色彩豊かだ。(AI生成)
920,vivid,鮮やかな; 鮮明な,形容詞,I have a vivid memory of that day.,私はその日の鮮明な記憶がある。(AI生成)
921,loud,大声の; うるさい,形容詞,There was a loud noise in the street.,通りで大きな音がした。(AI生成)
922,silent,沈黙した; 静かな,形容詞,The library was completely silent.,図書館は完全に静かだった。(AI生成)
923,quiet,静かな; 穏やかな,形容詞,It's a very quiet neighborhood.,そこはとても静かな近所だ。(AI生成)
924,noisy,騒がしい,形容詞,The restaurant was too noisy to talk.,そのレストランは騒がしすぎて話ができなかった。(AI生成)
925,bitter,苦い; 辛辣な,形容詞,This coffee has a bitter taste.,このコーヒーは苦い味がする。(AI生成)
926,sour,酸っぱい,形容詞,Lemons are very sour.,レモンはとても酸っぱい。(AI生成)
927,salty,塩辛い,形容詞,The soup is a bit too salty.,そのスープは少し塩辛すぎる。(AI生成)
928,sweet,甘い,形容詞,She likes sweet things.,彼女は甘いものが好きだ。(AI生成)
929,spicy,辛い; 香辛料のきいた,形容詞,I love spicy Thai food.,私は辛いタイ料理が大好きだ。(AI生成)
930,tasty,美味しい,形容詞,This cake is very tasty.,このケーキはとても美味しい。(AI生成)
931,delicious,とても美味しい,形容詞,That was a delicious meal.,それはとても美味しい食事だった。(AI生成)
932,awful,ひどい; 恐ろしい,形容詞,The weather was awful yesterday.,昨日の天気はひどかった。(AI生成)
933,terrible,恐ろしい; ひどい,形容詞,I had a terrible headache.,私はひどい頭痛がした。(AI生成)
934,horrible,恐ろしい; 実に嫌な,形容詞,What's that horrible smell?,その嫌な（恐ろしい）においは何ですか？(AI生成)
935,wonderful,素晴らしい,形容詞,We had a wonderful time at the party.,私たちはパーティーで素晴らしい時間を過ごした。(AI生成)
936,excellent,優秀な; 素晴らしい,形容詞,She is an excellent student.,彼女は優秀な学生だ。(AI生成)
937,brilliant,輝かしい; 素晴らしい,形容詞,He came up with a brilliant idea.,彼は素晴らしいアイデアを思いついた。(AI生成)
938,fantastic,空想的な; 素晴らしい,形容詞,The view from the top is fantastic.,頂上からの景色は素晴らしい。(AI生成)
939,magnificent,壮大な; 堂々とした,形容詞,The palace is truly magnificent.,その宮殿は本当に壮大だ。(AI生成)
940,splendid,華麗な; 素晴らしい,形容詞,What a splendid house you have!,なんて素晴らしい家をお持ちなのですか！(AI生成)
941,precious,貴重な; 高価な,形容詞,Health is our most precious possession.,健康は私たちの最も貴重な財産だ。(AI生成)
942,rare,稀な; 珍しい,形容詞,It is rare to see snow here.,ここで雪を見るのは稀だ。(AI生成)
943,common,共通の; 一般的な,形容詞,Cold is a common illness.,風邪は一般的な（よくある）病気だ。(AI生成)
944,ordinary,普通の; 通常の,形容詞,It was just an ordinary day.,それはただの普通の一日だった。(AI生成)
945,unusual,異常な; 珍しい,形容詞,It is unusual for him to be late.,彼が遅れるのは珍しいことだ。(AI生成)
946,strange,奇妙な; 見知らぬ,形容詞,I heard a strange noise last night.,昨夜、奇妙な音が聞こえた。(AI生成)
947,weird,不気味な; 奇妙な,形容詞,That's a weird story.,それは奇妙な話だ。(AI生成)
948,mysterious,神秘的な; 謎の,形容詞,He disappeared in a mysterious way.,彼は謎めいた方法で消えた。(AI生成)
949,curious,好奇心の強い; 奇妙な,形容詞,I am curious about the result.,私は結果に好奇心がある（気になっている）。(AI生成)
950,serious,深刻な; 真剣な,形容詞,Global warming is a serious issue.,地球温暖化は深刻な問題だ。(AI生成)
951,strict,厳しい; 厳格な,形容詞,He is a strict teacher.,彼は厳格な先生だ。(AI生成)
952,gentle,優しい; 穏やかな,形容詞,He has a gentle nature.,彼は穏やかな性質の持ち主だ。(AI生成)
953,kind,親切な; 種類,形容詞,Thank you for your kind words.,温かい（親切な）お言葉をありがとうございます。(AI生成)
954,cruel,残酷な,形容詞,It was a cruel thing to say.,それは残酷な言い草だった。(AI生成)
955,polite,丁寧な; 礼儀正しい,形容詞,He is always polite to everyone.,彼は誰に対しても常に礼儀正しい。(AI生成)
956,rude,失礼な; 無作法な,形容詞,It is rude to interrupt others.,他人の話を遮るのは失礼だ。(AI生成)
957,brave,勇敢な,形容詞,The brave firefighter saved the child.,勇敢な消防士が子供を救った。(AI生成)
958,cowardly,臆病な,形容詞,His cowardly behavior disappointed everyone.,彼の臆病な振る舞いは皆を失望させた。(AI生成)
959,honest,正直な,形容詞,To be honest, I don't like this color.,正直に言うと、この色は好きではない。(AI生成)
960,selfish,利己的な; わがままな,形容詞,Don't be so selfish.,そんなにわがままを言わないで。(AI生成)
961,generous,寛大な; 気前のよい,形容詞,It was generous of you to help us.,私たちを助けてくれるなんて、あなたは寛大ですね。(AI生成)
962,greedy,強欲な; 欲張りな,形容詞,He is greedy for power.,彼は権力に対して強欲だ。(AI生成)
963,humble,謙虚な; 控えめな,形容詞,He is humble about his success.,彼は自分の成功に対して謙虚だ。(AI生成)
964,proud,誇りに思って; 高慢な,形容詞,I am proud of my daughter.,私は娘を誇りに思っている。(AI生成)
965,vain,無駄な; 自惚れた,形容詞,All our efforts were in vain.,私たちの努力はすべて無駄に終わった。(AI生成)
966,patient,忍耐強い; 患者,形容詞,You need to be patient with children.,子供に対しては忍耐強くある必要がある。(AI生成)
967,active,活動的な; 積極的な,形容詞,She leads an active life.,彼女は活動的な生活を送っている。(AI生成)
968,passive,受動的な; 消極的な,形容詞,He took a passive role in the meeting.,彼は会議で消極的な役割をとった。(AI生成)
969,eager,熱望して; 熱心な,形容詞,He is eager to learn new things.,彼は新しいことを学ぶのを熱望している。(AI生成)
970,indifferent,無関心な,形容詞,She is indifferent to politics.,彼女は政治に無関心だ。(AI生成)
971,clever,賢い; 巧妙な,形容詞,That's a clever idea.,それは賢いアイデアだ。(AI生成)
972,foolish,愚かな,形容詞,It was foolish of me to believe him.,彼を信じた私は愚かだった。(AI生成)
973,wise,賢明な,形容詞,It was a wise decision.,それは賢明な判断だった。(AI生成)
974,stupid,馬鹿げた; 愚かな,形容詞,Don't ask such stupid questions.,そんな馬鹿げた質問をしないで。(AI生成)
975,silly,愚かな; くだらない,形容詞,Stop being so silly.,そんなくだらないことはやめなさい。(AI生成)
976,crazy,狂った; 夢中な,形容詞,Are you crazy?,正気（狂っているの）か？(AI生成)
977,mad,怒って; 狂った,形容詞,He was mad at me for being late.,彼は私が遅刻したことに激怒していた。(AI生成)
978,lonely,寂しい; 孤独な,形容詞,I felt lonely when I moved to Tokyo.,東京に引っ越したとき、寂しさを感じた。(AI生成)
979,cheerful,陽気な,形容詞,She has a cheerful smile.,彼女は陽気な笑顔をしている。(AI生成)
980,gloomy,暗い; 憂鬱な,形容詞,The weather is gloomy today.,今日はどんよりした（憂鬱な）天気だ。(AI生成)
981,miserable,惨めな; ひどく不幸な,形容詞,The cold weather made me miserable.,寒い天気のせいで惨めな気分になった。(AI生成)
982,fortunate,幸運な,形容詞,He was fortunate to find a job.,彼は仕事を見つけられて幸運だった。(AI生成)
983,unfortunate,不運な; 残念な,形容詞,It was an unfortunate accident.,それは不運な事故だった。(AI生成)
984,lucky,運の良い,形容詞,I am lucky to have such good friends.,そんなに良い友達がいて私は運が良い。(AI生成)
985,unlucky,不運な,形容詞,He was unlucky to lose his wallet.,彼は財布をなくして不運だった。(AI生成)
986,innocent,無実の; 無邪気な,形容詞,He was found innocent of the crime.,彼はその犯罪について無実と判明した。(AI生成)
987,guilty,有罪の; 後ろめたい,形容詞,He felt guilty about lying.,彼は嘘をついたことに後ろめたさを感じた。(AI生成)
988,responsible,責任がある,形容詞,Who is responsible for this mess?,この散らかりの責任は誰にあるのか？(AI生成)
989,independent,独立した,形容詞,She is an independent woman.,彼女は自立した（独立した）女性だ。(AI生成)
990,dependent,依存している,形容詞,He is still dependent on his parents.,彼はまだ両親に依存している。(AI生成)
991,loyal,忠実な,形容詞,He is a loyal friend.,彼は忠実な友人だ。(AI生成)
992,steady,しっかりした; 安定した,形容詞,We need a steady supply of energy.,私たちは安定したエネルギー供給を必要としている。(AI生成)
993,unstable,不安定な,形容詞,The political situation is unstable.,政治情勢は不安定だ。(AI生成)
994,mature,成熟した; 大人びた,形容詞,He is very mature for his age.,彼は年齢の割にとても成熟している。(AI生成)
995,immature,未熟な; 子供っぽい,形容詞,Stop acting in such an immature way.,そんな子供っぽい振る舞いはやめなさい。(AI生成)
996,primitive,原始的な,形容詞,The tribe used primitive tools.,その部族は原始的な道具を使っていた。(AI生成)
997,modern,現代の; 近代的な,形容詞,Modern technology has changed our lives.,現代技術は私たちの生活を変えた。(AI生成)
998,ancient,古代の,形容詞,Rome is an ancient city.,ローマは古代の都市だ。(AI生成)
999,eternal,永遠の,形容詞,Nothing is eternal in this world.,この世に永遠なものなどない。(AI生成)
1000,temporary,一時的な,形容詞,This is only a temporary solution.,これはあくまで一時的な解決策だ。(AI生成)
